{"level":"info","ts":"2025-12-22T10:58:38.372+0800","caller":"bootstrap/redis.go:34","msg":"Redis 连接成功"}
{"level":"info","ts":"2025-12-22T10:58:38.446+0800","caller":"server/main.go:59","msg":"路由注册","method":"GET","path":"/metrics"}
{"level":"info","ts":"2025-12-22T10:58:38.446+0800","caller":"server/main.go:59","msg":"路由注册","method":"GET","path":"/admin/v1/users/list"}
{"level":"info","ts":"2025-12-22T10:58:38.446+0800","caller":"server/main.go:59","msg":"路由注册","method":"GET","path":"/admin/v1/test/"}
{"level":"info","ts":"2025-12-22T10:58:38.446+0800","caller":"server/main.go:59","msg":"路由注册","method":"GET","path":"/api/v1/users/"}
{"level":"info","ts":"2025-12-22T10:58:38.446+0800","caller":"server/main.go:59","msg":"路由注册","method":"POST","path":"/api/v1/users/register"}
{"level":"info","ts":"2025-12-22T10:58:38.446+0800","caller":"server/main.go:59","msg":"路由注册","method":"POST","path":"/api/v1/users/login"}
{"level":"info","ts":"2025-12-22T10:58:38.447+0800","caller":"server/server.go:64","msg":"正在启动服务器","port":":8080"}
{"level":"info","ts":"2025-12-22T10:58:40.662+0800","caller":"user/index.go:31","msg":"访问 Admin ListUsers 处理器"}
{"level":"info","ts":"2025-12-22T10:58:40.663+0800","caller":"middleware/reqLog.go:31","msg":"请求完成","method":"GET","path":"/admin/v1/users/list","status":200,"latency":0.000370583,"ip":"127.0.0.1","request_id":"1dd586db-33ac-496f-b152-f6d73d1c2e68"}
{"level":"info","ts":"2025-12-22T11:00:13.821+0800","caller":"server/main.go:75","msg":"收到关闭信号","signal":"interrupt"}
{"level":"info","ts":"2025-12-22T11:00:13.923+0800","caller":"server/server.go:78","msg":"HTTP 服务已关闭"}
{"level":"info","ts":"2025-12-22T11:00:13.923+0800","caller":"server/server.go:87","msg":"Redis 连接已关闭"}
{"level":"info","ts":"2025-12-22T11:00:13.924+0800","caller":"server/server.go:99","msg":"数据库连接已关闭"}
{"level":"info","ts":"2025-12-22T11:00:13.924+0800","caller":"server/main.go:92","msg":"服务器已优雅关闭"}
{"level":"info","ts":"2025-12-22T11:00:17.566+0800","caller":"bootstrap/redis.go:34","msg":"Redis 连接成功"}
{"level":"info","ts":"2025-12-22T11:00:17.636+0800","caller":"server/main.go:59","msg":"路由注册","method":"GET","path":"/metrics"}
{"level":"info","ts":"2025-12-22T11:00:17.636+0800","caller":"server/main.go:59","msg":"路由注册","method":"GET","path":"/admin/v1/test/"}
{"level":"info","ts":"2025-12-22T11:00:17.636+0800","caller":"server/main.go:59","msg":"路由注册","method":"GET","path":"/admin/v1/users/list"}
{"level":"info","ts":"2025-12-22T11:00:17.636+0800","caller":"server/main.go:59","msg":"路由注册","method":"GET","path":"/api/v1/users/"}
{"level":"info","ts":"2025-12-22T11:00:17.636+0800","caller":"server/main.go:59","msg":"路由注册","method":"POST","path":"/api/v1/users/register"}
{"level":"info","ts":"2025-12-22T11:00:17.636+0800","caller":"server/main.go:59","msg":"路由注册","method":"POST","path":"/api/v1/users/login"}
{"level":"info","ts":"2025-12-22T11:00:17.637+0800","caller":"server/server.go:64","msg":"正在启动服务器","port":":8080"}
{"level":"info","ts":"2025-12-22T11:00:21.952+0800","caller":"middleware/reqLog.go:31","msg":"请求完成","method":"GET","path":"/admin/v1/users/list","status":200,"latency":0.000558875,"ip":"127.0.0.1","request_id":"758eb75a-a306-41cb-b3d5-50bc0ae558da"}
{"level":"info","ts":"2025-12-22T11:01:14.546+0800","caller":"server/main.go:75","msg":"收到关闭信号","signal":"interrupt"}
{"level":"info","ts":"2025-12-22T11:01:14.647+0800","caller":"server/server.go:78","msg":"HTTP 服务已关闭"}
{"level":"info","ts":"2025-12-22T11:01:14.648+0800","caller":"server/server.go:87","msg":"Redis 连接已关闭"}
{"level":"info","ts":"2025-12-22T11:01:14.649+0800","caller":"server/server.go:99","msg":"数据库连接已关闭"}
{"level":"info","ts":"2025-12-22T11:01:14.649+0800","caller":"server/main.go:92","msg":"服务器已优雅关闭"}
{"level":"info","ts":"2025-12-22T11:01:18.224+0800","caller":"bootstrap/redis.go:34","msg":"Redis 连接成功"}
{"level":"info","ts":"2025-12-22T11:01:18.297+0800","caller":"server/main.go:59","msg":"路由注册","method":"GET","path":"/metrics"}
{"level":"info","ts":"2025-12-22T11:01:18.298+0800","caller":"server/main.go:59","msg":"路由注册","method":"GET","path":"/admin/v1/test/"}
{"level":"info","ts":"2025-12-22T11:01:18.298+0800","caller":"server/main.go:59","msg":"路由注册","method":"GET","path":"/admin/v1/users/list"}
{"level":"info","ts":"2025-12-22T11:01:18.298+0800","caller":"server/main.go:59","msg":"路由注册","method":"GET","path":"/api/v1/users/"}
{"level":"info","ts":"2025-12-22T11:01:18.298+0800","caller":"server/main.go:59","msg":"路由注册","method":"POST","path":"/api/v1/users/register"}
{"level":"info","ts":"2025-12-22T11:01:18.298+0800","caller":"server/main.go:59","msg":"路由注册","method":"POST","path":"/api/v1/users/login"}
{"level":"info","ts":"2025-12-22T11:01:18.298+0800","caller":"server/server.go:64","msg":"正在启动服务器","port":":8080"}
{"level":"info","ts":"2025-12-22T11:01:20.818+0800","caller":"middleware/reqLog.go:31","msg":"请求完成","method":"GET","path":"/admin/v1/users/list","status":200,"latency":0.000493292,"ip":"127.0.0.1","request_id":"b2720d2a-89f5-4a2b-a682-b0d79040c3c5"}
{"level":"info","ts":"2025-12-22T11:02:28.002+0800","caller":"server/main.go:75","msg":"收到关闭信号","signal":"interrupt"}
{"level":"info","ts":"2025-12-22T11:02:28.104+0800","caller":"server/server.go:78","msg":"HTTP 服务已关闭"}
{"level":"info","ts":"2025-12-22T11:02:28.104+0800","caller":"server/server.go:87","msg":"Redis 连接已关闭"}
{"level":"info","ts":"2025-12-22T11:02:28.104+0800","caller":"server/server.go:99","msg":"数据库连接已关闭"}
{"level":"info","ts":"2025-12-22T11:02:28.104+0800","caller":"server/main.go:92","msg":"服务器已优雅关闭"}
{"level":"info","ts":"2025-12-22T11:02:31.552+0800","caller":"bootstrap/redis.go:34","msg":"Redis 连接成功"}
{"level":"info","ts":"2025-12-22T11:02:31.628+0800","caller":"server/main.go:59","msg":"路由注册","method":"GET","path":"/metrics"}
{"level":"info","ts":"2025-12-22T11:02:31.628+0800","caller":"server/main.go:59","msg":"路由注册","method":"GET","path":"/admin/v1/users/list"}
{"level":"info","ts":"2025-12-22T11:02:31.628+0800","caller":"server/main.go:59","msg":"路由注册","method":"GET","path":"/admin/v1/test/"}
{"level":"info","ts":"2025-12-22T11:02:31.628+0800","caller":"server/main.go:59","msg":"路由注册","method":"GET","path":"/api/v1/users/"}
{"level":"info","ts":"2025-12-22T11:02:31.628+0800","caller":"server/main.go:59","msg":"路由注册","method":"POST","path":"/api/v1/users/register"}
{"level":"info","ts":"2025-12-22T11:02:31.628+0800","caller":"server/main.go:59","msg":"路由注册","method":"POST","path":"/api/v1/users/login"}
{"level":"info","ts":"2025-12-22T11:02:31.628+0800","caller":"server/server.go:64","msg":"正在启动服务器","port":":8080"}
{"level":"info","ts":"2025-12-22T11:02:33.204+0800","caller":"middleware/reqLog.go:32","msg":"请求完成","method":"GET","path":"/admin/v1/users/list","status":200,"latency":0.000909334,"ip":"127.0.0.1","request_id":"515c5676-2cb2-4692-baee-7566e2958ce9"}
{"level":"info","ts":"2025-12-22T11:03:12.963+0800","caller":"server/main.go:75","msg":"收到关闭信号","signal":"interrupt"}
{"level":"info","ts":"2025-12-22T11:03:13.064+0800","caller":"server/server.go:78","msg":"HTTP 服务已关闭"}
{"level":"info","ts":"2025-12-22T11:03:13.064+0800","caller":"server/server.go:87","msg":"Redis 连接已关闭"}
{"level":"info","ts":"2025-12-22T11:03:13.065+0800","caller":"server/server.go:99","msg":"数据库连接已关闭"}
{"level":"info","ts":"2025-12-22T11:03:13.065+0800","caller":"server/main.go:92","msg":"服务器已优雅关闭"}
{"level":"info","ts":"2025-12-22T11:03:16.674+0800","caller":"bootstrap/redis.go:34","msg":"Redis 连接成功"}
{"level":"info","ts":"2025-12-22T11:03:16.744+0800","caller":"server/main.go:59","msg":"路由注册","method":"GET","path":"/metrics"}
{"level":"info","ts":"2025-12-22T11:03:16.744+0800","caller":"server/main.go:59","msg":"路由注册","method":"GET","path":"/admin/v1/users/list"}
{"level":"info","ts":"2025-12-22T11:03:16.744+0800","caller":"server/main.go:59","msg":"路由注册","method":"GET","path":"/admin/v1/test/"}
{"level":"info","ts":"2025-12-22T11:03:16.744+0800","caller":"server/main.go:59","msg":"路由注册","method":"GET","path":"/api/v1/users/"}
{"level":"info","ts":"2025-12-22T11:03:16.744+0800","caller":"server/main.go:59","msg":"路由注册","method":"POST","path":"/api/v1/users/register"}
{"level":"info","ts":"2025-12-22T11:03:16.744+0800","caller":"server/main.go:59","msg":"路由注册","method":"POST","path":"/api/v1/users/login"}
{"level":"info","ts":"2025-12-22T11:03:16.744+0800","caller":"server/server.go:64","msg":"正在启动服务器","port":":8080"}
{"level":"info","ts":"2025-12-22T11:03:22.854+0800","caller":"middleware/reqLog.go:30","msg":"请求完成","method":"GET","name":"用户列表","path":"/admin/v1/users/list","status":200,"latency":0.000646084,"ip":"127.0.0.1","request_id":"de69820b-fa46-4e38-84fe-9ee8678b6a6e"}
{"level":"info","ts":"2025-12-22T11:05:56.050+0800","caller":"server/main.go:75","msg":"收到关闭信号","signal":"interrupt"}
{"level":"info","ts":"2025-12-22T11:05:56.151+0800","caller":"server/server.go:78","msg":"HTTP 服务已关闭"}
{"level":"info","ts":"2025-12-22T11:05:56.151+0800","caller":"server/server.go:87","msg":"Redis 连接已关闭"}
{"level":"info","ts":"2025-12-22T11:05:56.152+0800","caller":"server/server.go:99","msg":"数据库连接已关闭"}
{"level":"info","ts":"2025-12-22T11:05:56.152+0800","caller":"server/main.go:92","msg":"服务器已优雅关闭"}
{"level":"info","ts":"2025-12-22T11:05:59.710+0800","caller":"bootstrap/redis.go:34","msg":"Redis 连接成功"}
{"level":"info","ts":"2025-12-22T11:05:59.787+0800","caller":"server/server.go:64","msg":"正在启动服务器","port":":8080"}
{"level":"info","ts":"2025-12-22T11:10:32.957+0800","caller":"server/main.go:76","msg":"收到关闭信号","signal":"interrupt"}
{"level":"info","ts":"2025-12-22T11:10:33.058+0800","caller":"server/server.go:78","msg":"HTTP 服务已关闭"}
{"level":"info","ts":"2025-12-22T11:10:33.059+0800","caller":"server/server.go:87","msg":"Redis 连接已关闭"}
{"level":"info","ts":"2025-12-22T11:10:33.059+0800","caller":"server/server.go:99","msg":"数据库连接已关闭"}
{"level":"info","ts":"2025-12-22T11:10:33.059+0800","caller":"server/main.go:93","msg":"服务器已优雅关闭"}
{"level":"info","ts":"2025-12-22T11:10:36.968+0800","caller":"bootstrap/redis.go:34","msg":"Redis 连接成功"}
{"level":"info","ts":"2025-12-22T11:10:37.037+0800","caller":"server/server.go:64","msg":"正在启动服务器","port":":8080"}
{"level":"info","ts":"2025-12-22T11:11:25.812+0800","caller":"server/main.go:74","msg":"收到关闭信号","signal":"interrupt"}
{"level":"info","ts":"2025-12-22T11:11:25.914+0800","caller":"server/server.go:78","msg":"HTTP 服务已关闭"}
{"level":"info","ts":"2025-12-22T11:11:25.914+0800","caller":"server/server.go:87","msg":"Redis 连接已关闭"}
{"level":"info","ts":"2025-12-22T11:11:25.915+0800","caller":"server/server.go:99","msg":"数据库连接已关闭"}
{"level":"info","ts":"2025-12-22T11:11:25.915+0800","caller":"server/main.go:91","msg":"服务器已优雅关闭"}
{"level":"info","ts":"2025-12-22T11:11:29.491+0800","caller":"bootstrap/redis.go:34","msg":"Redis 连接成功"}
{"level":"info","ts":"2025-12-22T11:11:29.562+0800","caller":"server/server.go:64","msg":"正在启动服务器","port":":8080"}
{"level":"info","ts":"2025-12-22T11:12:49.142+0800","caller":"server/main.go:74","msg":"收到关闭信号","signal":"interrupt"}
{"level":"info","ts":"2025-12-22T11:12:49.244+0800","caller":"server/server.go:78","msg":"HTTP 服务已关闭"}
{"level":"info","ts":"2025-12-22T11:12:49.244+0800","caller":"server/server.go:87","msg":"Redis 连接已关闭"}
{"level":"info","ts":"2025-12-22T11:12:49.245+0800","caller":"server/server.go:99","msg":"数据库连接已关闭"}
{"level":"info","ts":"2025-12-22T11:12:49.245+0800","caller":"server/main.go:91","msg":"服务器已优雅关闭"}
{"level":"info","ts":"2025-12-22T11:12:52.838+0800","caller":"bootstrap/redis.go:34","msg":"Redis 连接成功"}
{"level":"info","ts":"2025-12-22T11:12:52.910+0800","caller":"server/server.go:64","msg":"正在启动服务器","port":":8080"}
{"level":"info","ts":"2025-12-22T11:13:01.512+0800","caller":"server/main.go:74","msg":"收到关闭信号","signal":"interrupt"}
{"level":"info","ts":"2025-12-22T11:13:01.613+0800","caller":"server/server.go:78","msg":"HTTP 服务已关闭"}
{"level":"info","ts":"2025-12-22T11:13:01.613+0800","caller":"server/server.go:87","msg":"Redis 连接已关闭"}
{"level":"info","ts":"2025-12-22T11:13:01.614+0800","caller":"server/server.go:99","msg":"数据库连接已关闭"}
{"level":"info","ts":"2025-12-22T11:13:01.614+0800","caller":"server/main.go:91","msg":"服务器已优雅关闭"}
{"level":"info","ts":"2025-12-22T11:13:04.969+0800","caller":"bootstrap/redis.go:34","msg":"Redis 连接成功"}
{"level":"info","ts":"2025-12-22T11:13:05.042+0800","caller":"server/server.go:64","msg":"正在启动服务器","port":":8080"}
{"level":"info","ts":"2025-12-22T11:13:30.808+0800","caller":"server/main.go:74","msg":"收到关闭信号","signal":"interrupt"}
{"level":"info","ts":"2025-12-22T11:13:30.909+0800","caller":"server/server.go:78","msg":"HTTP 服务已关闭"}
{"level":"info","ts":"2025-12-22T11:13:30.909+0800","caller":"server/server.go:87","msg":"Redis 连接已关闭"}
{"level":"info","ts":"2025-12-22T11:13:30.910+0800","caller":"server/server.go:99","msg":"数据库连接已关闭"}
{"level":"info","ts":"2025-12-22T11:13:30.910+0800","caller":"server/main.go:91","msg":"服务器已优雅关闭"}
{"level":"info","ts":"2025-12-22T11:13:34.374+0800","caller":"bootstrap/redis.go:34","msg":"Redis 连接成功"}
{"level":"info","ts":"2025-12-22T11:13:34.445+0800","caller":"server/server.go:64","msg":"正在启动服务器","port":":8080"}
{"level":"info","ts":"2025-12-22T11:15:05.511+0800","caller":"server/main.go:74","msg":"收到关闭信号","signal":"interrupt"}
{"level":"info","ts":"2025-12-22T11:15:05.612+0800","caller":"server/server.go:78","msg":"HTTP 服务已关闭"}
{"level":"info","ts":"2025-12-22T11:15:05.613+0800","caller":"server/server.go:87","msg":"Redis 连接已关闭"}
{"level":"info","ts":"2025-12-22T11:15:05.613+0800","caller":"server/server.go:99","msg":"数据库连接已关闭"}
{"level":"info","ts":"2025-12-22T11:15:05.613+0800","caller":"server/main.go:91","msg":"服务器已优雅关闭"}
{"level":"info","ts":"2025-12-22T11:15:09.054+0800","caller":"bootstrap/redis.go:34","msg":"Redis 连接成功"}
{"level":"info","ts":"2025-12-22T11:15:09.131+0800","caller":"server/server.go:64","msg":"正在启动服务器","port":":8080"}
{"level":"info","ts":"2025-12-22T11:15:58.526+0800","caller":"server/main.go:74","msg":"收到关闭信号","signal":"interrupt"}
{"level":"info","ts":"2025-12-22T11:15:58.628+0800","caller":"server/server.go:78","msg":"HTTP 服务已关闭"}
{"level":"info","ts":"2025-12-22T11:15:58.628+0800","caller":"server/server.go:87","msg":"Redis 连接已关闭"}
{"level":"info","ts":"2025-12-22T11:15:58.628+0800","caller":"server/server.go:99","msg":"数据库连接已关闭"}
{"level":"info","ts":"2025-12-22T11:15:58.628+0800","caller":"server/main.go:91","msg":"服务器已优雅关闭"}
{"level":"info","ts":"2025-12-22T11:16:02.061+0800","caller":"bootstrap/redis.go:34","msg":"Redis 连接成功"}
{"level":"info","ts":"2025-12-22T11:16:02.129+0800","caller":"server/server.go:64","msg":"正在启动服务器","port":":8080"}
{"level":"info","ts":"2025-12-22T11:16:10.951+0800","caller":"server/main.go:74","msg":"收到关闭信号","signal":"interrupt"}
{"level":"info","ts":"2025-12-22T11:16:11.052+0800","caller":"server/server.go:78","msg":"HTTP 服务已关闭"}
{"level":"info","ts":"2025-12-22T11:16:11.053+0800","caller":"server/server.go:87","msg":"Redis 连接已关闭"}
{"level":"info","ts":"2025-12-22T11:16:11.053+0800","caller":"server/server.go:99","msg":"数据库连接已关闭"}
{"level":"info","ts":"2025-12-22T11:16:11.053+0800","caller":"server/main.go:91","msg":"服务器已优雅关闭"}
{"level":"info","ts":"2025-12-22T11:16:13.477+0800","caller":"bootstrap/redis.go:34","msg":"Redis 连接成功"}
{"level":"info","ts":"2025-12-22T11:16:13.548+0800","caller":"server/server.go:64","msg":"正在启动服务器","port":":8080"}
{"level":"info","ts":"2025-12-22T11:17:10.884+0800","caller":"server/main.go:74","msg":"收到关闭信号","signal":"interrupt"}
{"level":"info","ts":"2025-12-22T11:17:10.986+0800","caller":"server/server.go:78","msg":"HTTP 服务已关闭"}
{"level":"info","ts":"2025-12-22T11:17:10.986+0800","caller":"server/server.go:87","msg":"Redis 连接已关闭"}
{"level":"info","ts":"2025-12-22T11:17:10.987+0800","caller":"server/server.go:99","msg":"数据库连接已关闭"}
{"level":"info","ts":"2025-12-22T11:17:10.987+0800","caller":"server/main.go:91","msg":"服务器已优雅关闭"}
{"level":"info","ts":"2025-12-22T11:17:14.591+0800","caller":"bootstrap/redis.go:34","msg":"Redis 连接成功"}
{"level":"info","ts":"2025-12-22T11:17:14.661+0800","caller":"server/server.go:68","msg":"正在启动服务器","port":":8080"}
{"level":"info","ts":"2025-12-22T11:17:32.717+0800","caller":"server/main.go:73","msg":"收到关闭信号","signal":"interrupt"}
{"level":"info","ts":"2025-12-22T11:17:32.818+0800","caller":"server/server.go:82","msg":"HTTP 服务已关闭"}
{"level":"info","ts":"2025-12-22T11:17:32.818+0800","caller":"server/server.go:91","msg":"Redis 连接已关闭"}
{"level":"info","ts":"2025-12-22T11:17:32.819+0800","caller":"server/server.go:103","msg":"数据库连接已关闭"}
{"level":"info","ts":"2025-12-22T11:17:32.819+0800","caller":"server/main.go:90","msg":"服务器已优雅关闭"}
{"level":"info","ts":"2025-12-22T11:17:36.488+0800","caller":"bootstrap/redis.go:34","msg":"Redis 连接成功"}
{"level":"info","ts":"2025-12-22T11:17:36.563+0800","caller":"server/server.go:70","msg":"正在启动服务器","port":":8080"}
{"level":"info","ts":"2025-12-22T11:17:58.565+0800","caller":"server/main.go:73","msg":"收到关闭信号","signal":"interrupt"}
{"level":"info","ts":"2025-12-22T11:17:58.667+0800","caller":"server/server.go:84","msg":"HTTP 服务已关闭"}
{"level":"info","ts":"2025-12-22T11:17:58.667+0800","caller":"server/server.go:93","msg":"Redis 连接已关闭"}
{"level":"info","ts":"2025-12-22T11:17:58.667+0800","caller":"server/server.go:105","msg":"数据库连接已关闭"}
{"level":"info","ts":"2025-12-22T11:17:58.667+0800","caller":"server/main.go:90","msg":"服务器已优雅关闭"}
{"level":"info","ts":"2025-12-22T11:18:02.141+0800","caller":"bootstrap/redis.go:34","msg":"Redis 连接成功"}
{"level":"info","ts":"2025-12-22T11:18:02.211+0800","caller":"server/server.go:64","msg":"正在启动服务器","port":":8080"}
{"level":"info","ts":"2025-12-22T11:19:07.641+0800","caller":"server/main.go:74","msg":"收到关闭信号","signal":"interrupt"}
{"level":"info","ts":"2025-12-22T11:19:07.743+0800","caller":"server/server.go:78","msg":"HTTP 服务已关闭"}
{"level":"info","ts":"2025-12-22T11:19:07.743+0800","caller":"server/server.go:87","msg":"Redis 连接已关闭"}
{"level":"info","ts":"2025-12-22T11:19:07.743+0800","caller":"server/server.go:99","msg":"数据库连接已关闭"}
{"level":"info","ts":"2025-12-22T11:19:07.743+0800","caller":"server/main.go:91","msg":"服务器已优雅关闭"}
{"level":"info","ts":"2025-12-22T11:19:08.491+0800","caller":"bootstrap/redis.go:34","msg":"Redis 连接成功"}
{"level":"info","ts":"2025-12-22T11:19:08.573+0800","caller":"server/server.go:64","msg":"正在启动服务器","port":":8080"}
{"level":"info","ts":"2025-12-22T11:19:52.995+0800","caller":"server/main.go:74","msg":"收到关闭信号","signal":"interrupt"}
{"level":"info","ts":"2025-12-22T11:19:53.096+0800","caller":"server/server.go:78","msg":"HTTP 服务已关闭"}
{"level":"info","ts":"2025-12-22T11:19:53.096+0800","caller":"server/server.go:87","msg":"Redis 连接已关闭"}
{"level":"info","ts":"2025-12-22T11:19:53.097+0800","caller":"server/server.go:99","msg":"数据库连接已关闭"}
{"level":"info","ts":"2025-12-22T11:19:53.097+0800","caller":"server/main.go:91","msg":"服务器已优雅关闭"}
{"level":"info","ts":"2025-12-22T11:19:56.709+0800","caller":"bootstrap/redis.go:34","msg":"Redis 连接成功"}
{"level":"info","ts":"2025-12-22T11:19:56.778+0800","caller":"server/server.go:64","msg":"正在启动服务器","port":":8080"}
{"level":"info","ts":"2025-12-22T11:20:15.412+0800","caller":"server/main.go:78","msg":"收到关闭信号","signal":"interrupt"}
{"level":"info","ts":"2025-12-22T11:20:15.513+0800","caller":"server/server.go:78","msg":"HTTP 服务已关闭"}
{"level":"info","ts":"2025-12-22T11:20:15.513+0800","caller":"server/server.go:87","msg":"Redis 连接已关闭"}
{"level":"info","ts":"2025-12-22T11:20:15.514+0800","caller":"server/server.go:99","msg":"数据库连接已关闭"}
{"level":"info","ts":"2025-12-22T11:20:15.514+0800","caller":"server/main.go:95","msg":"服务器已优雅关闭"}
{"level":"info","ts":"2025-12-22T11:20:18.945+0800","caller":"bootstrap/redis.go:34","msg":"Redis 连接成功"}
{"level":"info","ts":"2025-12-22T11:20:19.020+0800","caller":"server/server.go:64","msg":"正在启动服务器","port":":8080"}
{"level":"info","ts":"2025-12-22T11:20:31.613+0800","caller":"server/main.go:79","msg":"收到关闭信号","signal":"interrupt"}
{"level":"info","ts":"2025-12-22T11:20:31.715+0800","caller":"server/server.go:78","msg":"HTTP 服务已关闭"}
{"level":"info","ts":"2025-12-22T11:20:31.715+0800","caller":"server/server.go:87","msg":"Redis 连接已关闭"}
{"level":"info","ts":"2025-12-22T11:20:31.716+0800","caller":"server/server.go:99","msg":"数据库连接已关闭"}
{"level":"info","ts":"2025-12-22T11:20:31.716+0800","caller":"server/main.go:96","msg":"服务器已优雅关闭"}
{"level":"info","ts":"2025-12-22T11:20:34.944+0800","caller":"bootstrap/redis.go:34","msg":"Redis 连接成功"}
{"level":"info","ts":"2025-12-22T11:20:35.012+0800","caller":"server/server.go:64","msg":"正在启动服务器","port":":8080"}
{"level":"info","ts":"2025-12-22T12:53:10.728+0800","caller":"server/main.go:79","msg":"收到关闭信号","signal":"interrupt"}
{"level":"info","ts":"2025-12-22T12:53:10.833+0800","caller":"server/server.go:78","msg":"HTTP 服务已关闭"}
{"level":"info","ts":"2025-12-22T12:53:10.834+0800","caller":"server/server.go:87","msg":"Redis 连接已关闭"}
{"level":"info","ts":"2025-12-22T12:53:10.835+0800","caller":"server/server.go:99","msg":"数据库连接已关闭"}
{"level":"info","ts":"2025-12-22T12:53:10.835+0800","caller":"server/main.go:96","msg":"服务器已优雅关闭"}
{"level":"info","ts":"2025-12-22T12:54:50.934+0800","caller":"bootstrap/redis.go:34","msg":"Redis 连接成功"}
{"level":"info","ts":"2025-12-22T12:54:51.011+0800","caller":"server/server.go:64","msg":"正在启动服务器","port":":8080"}
{"level":"info","ts":"2025-12-22T12:57:02.129+0800","caller":"server/main.go:79","msg":"收到关闭信号","signal":"interrupt"}
{"level":"info","ts":"2025-12-22T12:57:02.231+0800","caller":"server/server.go:78","msg":"HTTP 服务已关闭"}
{"level":"info","ts":"2025-12-22T12:57:02.231+0800","caller":"server/server.go:87","msg":"Redis 连接已关闭"}
{"level":"info","ts":"2025-12-22T12:57:02.232+0800","caller":"server/server.go:99","msg":"数据库连接已关闭"}
{"level":"info","ts":"2025-12-22T12:57:02.232+0800","caller":"server/main.go:96","msg":"服务器已优雅关闭"}
{"level":"info","ts":"2025-12-22T12:57:03.100+0800","caller":"bootstrap/redis.go:34","msg":"Redis 连接成功"}
{"level":"info","ts":"2025-12-22T12:57:03.171+0800","caller":"server/server.go:64","msg":"正在启动服务器","port":":8080"}
{"level":"info","ts":"2025-12-22T12:58:40.273+0800","caller":"server/main.go:79","msg":"收到关闭信号","signal":"interrupt"}
{"level":"info","ts":"2025-12-22T12:58:40.375+0800","caller":"server/server.go:78","msg":"HTTP 服务已关闭"}
{"level":"info","ts":"2025-12-22T12:58:40.375+0800","caller":"server/server.go:87","msg":"Redis 连接已关闭"}
{"level":"info","ts":"2025-12-22T12:58:40.375+0800","caller":"server/server.go:99","msg":"数据库连接已关闭"}
{"level":"info","ts":"2025-12-22T12:58:40.375+0800","caller":"server/main.go:96","msg":"服务器已优雅关闭"}
{"level":"info","ts":"2025-12-22T12:58:43.991+0800","caller":"bootstrap/redis.go:34","msg":"Redis 连接成功"}
{"level":"error","ts":"2025-12-22T12:58:43.996+0800","caller":"bootstrap/database.go:86","msg":"插入测试数据失败","error":"constraint failed: NOT NULL constraint failed: la_users.deleted_at (1299)","stacktrace":"fiberEE/internal/bootstrap.NewDatabase\n\t/Users/mogenle/GolandProjects/fiberEE/internal/bootstrap/database.go:86\nreflect.Value.call\n\t/usr/local/go/src/reflect/value.go:581\nreflect.Value.Call\n\t/usr/local/go/src/reflect/value.go:365\ngo.uber.org/dig.defaultInvoker\n\t/Users/mogenle/go/pkg/mod/go.uber.org/dig@v1.19.0/container.go:257\ngo.uber.org/dig.(*constructorNode).Call\n\t/Users/mogenle/go/pkg/mod/go.uber.org/dig@v1.19.0/constructor.go:198\ngo.uber.org/dig.paramSingle.Build\n\t/Users/mogenle/go/pkg/mod/go.uber.org/dig@v1.19.0/param.go:288\ngo.uber.org/dig.paramObjectField.Build\n\t/Users/mogenle/go/pkg/mod/go.uber.org/dig@v1.19.0/param.go:485\ngo.uber.org/dig.paramObject.Build\n\t/Users/mogenle/go/pkg/mod/go.uber.org/dig@v1.19.0/param.go:413\ngo.uber.org/dig.paramList.BuildList\n\t/Users/mogenle/go/pkg/mod/go.uber.org/dig@v1.19.0/param.go:151\ngo.uber.org/dig.(*constructorNode).Call\n\t/Users/mogenle/go/pkg/mod/go.uber.org/dig@v1.19.0/constructor.go:160\ngo.uber.org/dig.paramSingle.Build\n\t/Users/mogenle/go/pkg/mod/go.uber.org/dig@v1.19.0/param.go:288\ngo.uber.org/dig.paramObjectField.Build\n\t/Users/mogenle/go/pkg/mod/go.uber.org/dig@v1.19.0/param.go:485\ngo.uber.org/dig.paramObject.Build\n\t/Users/mogenle/go/pkg/mod/go.uber.org/dig@v1.19.0/param.go:413\ngo.uber.org/dig.paramList.BuildList\n\t/Users/mogenle/go/pkg/mod/go.uber.org/dig@v1.19.0/param.go:151\ngo.uber.org/dig.(*Scope).Invoke\n\t/Users/mogenle/go/pkg/mod/go.uber.org/dig@v1.19.0/invoke.go:123\ngo.uber.org/dig.(*Container).Invoke\n\t/Users/mogenle/go/pkg/mod/go.uber.org/dig@v1.19.0/invoke.go:83\nmain.main\n\t/Users/mogenle/GolandProjects/fiberEE/cmd/server/main.go:42\nruntime.main\n\t/usr/local/go/src/runtime/proc.go:285"}
{"level":"info","ts":"2025-12-22T12:58:44.073+0800","caller":"server/server.go:64","msg":"正在启动服务器","port":":8080"}
{"level":"info","ts":"2025-12-22T12:59:38.738+0800","caller":"server/main.go:79","msg":"收到关闭信号","signal":"interrupt"}
{"level":"info","ts":"2025-12-22T12:59:38.839+0800","caller":"server/server.go:78","msg":"HTTP 服务已关闭"}
{"level":"info","ts":"2025-12-22T12:59:38.840+0800","caller":"server/server.go:87","msg":"Redis 连接已关闭"}
{"level":"info","ts":"2025-12-22T12:59:38.840+0800","caller":"server/server.go:99","msg":"数据库连接已关闭"}
{"level":"info","ts":"2025-12-22T12:59:38.840+0800","caller":"server/main.go:96","msg":"服务器已优雅关闭"}
{"level":"info","ts":"2025-12-22T12:59:42.001+0800","caller":"bootstrap/redis.go:34","msg":"Redis 连接成功"}
{"level":"info","ts":"2025-12-22T12:59:42.005+0800","caller":"bootstrap/database.go:88","msg":"已插入测试用户","username":"test"}
{"level":"info","ts":"2025-12-22T12:59:42.072+0800","caller":"server/server.go:64","msg":"正在启动服务器","port":":8080"}
{"level":"info","ts":"2025-12-22T13:00:05.438+0800","caller":"server/main.go:79","msg":"收到关闭信号","signal":"interrupt"}
{"level":"info","ts":"2025-12-22T13:00:05.539+0800","caller":"server/server.go:78","msg":"HTTP 服务已关闭"}
{"level":"info","ts":"2025-12-22T13:00:05.539+0800","caller":"server/server.go:87","msg":"Redis 连接已关闭"}
{"level":"info","ts":"2025-12-22T13:00:05.540+0800","caller":"server/server.go:99","msg":"数据库连接已关闭"}
{"level":"info","ts":"2025-12-22T13:00:05.540+0800","caller":"server/main.go:96","msg":"服务器已优雅关闭"}
{"level":"info","ts":"2025-12-22T13:00:06.081+0800","caller":"bootstrap/redis.go:34","msg":"Redis 连接成功"}
{"level":"info","ts":"2025-12-22T13:00:06.146+0800","caller":"server/server.go:64","msg":"正在启动服务器","port":":8080"}
{"level":"info","ts":"2025-12-22T13:09:12.458+0800","caller":"server/main.go:79","msg":"收到关闭信号","signal":"interrupt"}
{"level":"info","ts":"2025-12-22T13:09:12.458+0800","caller":"server/server.go:78","msg":"HTTP 服务已关闭"}
{"level":"info","ts":"2025-12-22T13:09:12.458+0800","caller":"server/server.go:87","msg":"Redis 连接已关闭"}
{"level":"info","ts":"2025-12-22T13:09:12.459+0800","caller":"server/server.go:99","msg":"数据库连接已关闭"}
{"level":"info","ts":"2025-12-22T13:09:12.459+0800","caller":"server/main.go:96","msg":"服务器已优雅关闭"}
{"level":"info","ts":"2025-12-22T13:09:16.554+0800","caller":"bootstrap/redis.go:34","msg":"Redis 连接成功"}
{"level":"info","ts":"2025-12-22T13:11:02.633+0800","caller":"bootstrap/redis.go:34","msg":"Redis 连接成功"}
{"level":"info","ts":"2025-12-22T13:11:02.637+0800","caller":"bootstrap/database.go:94","msg":"已插入测试用户","username":"test"}
{"level":"info","ts":"2025-12-22T13:11:02.714+0800","caller":"server/server.go:64","msg":"正在启动服务器","port":":8080"}
{"level":"info","ts":"2025-12-22T13:13:08.887+0800","caller":"server/main.go:79","msg":"收到关闭信号","signal":"interrupt"}
{"level":"info","ts":"2025-12-22T13:13:08.989+0800","caller":"server/server.go:78","msg":"HTTP 服务已关闭"}
{"level":"info","ts":"2025-12-22T13:13:08.989+0800","caller":"server/server.go:87","msg":"Redis 连接已关闭"}
{"level":"info","ts":"2025-12-22T13:13:08.990+0800","caller":"server/server.go:99","msg":"数据库连接已关闭"}
{"level":"info","ts":"2025-12-22T13:13:08.990+0800","caller":"server/main.go:96","msg":"服务器已优雅关闭"}
{"level":"info","ts":"2025-12-22T13:13:12.968+0800","caller":"bootstrap/logger.go:73","msg":"日志模块初始化成功","level":"debug","format":"json"}
{"level":"info","ts":"2025-12-22T13:13:12.972+0800","caller":"bootstrap/redis.go:34","msg":"Redis 连接成功"}
{"level":"info","ts":"2025-12-22T13:13:12.975+0800","caller":"bootstrap/database.go:80","msg":"数据库初始化成功","driver":"sqlite","prefix":"la_"}
{"level":"info","ts":"2025-12-22T13:13:13.037+0800","caller":"bootstrap/casbin.go:34","msg":"Casbin 初始化成功","model":"./config/rbac_model.conf"}
{"level":"info","ts":"2025-12-22T13:13:13.037+0800","caller":"server/server.go:64","msg":"正在启动服务器","port":":8080"}
{"level":"info","ts":"2025-12-22T13:16:10.668+0800","caller":"server/main.go:79","msg":"收到关闭信号","signal":"interrupt"}
{"level":"info","ts":"2025-12-22T13:16:10.770+0800","caller":"server/server.go:78","msg":"HTTP 服务已关闭"}
{"level":"info","ts":"2025-12-22T13:16:10.770+0800","caller":"server/server.go:87","msg":"Redis 连接已关闭"}
{"level":"info","ts":"2025-12-22T13:16:10.771+0800","caller":"server/server.go:99","msg":"数据库连接已关闭"}
{"level":"info","ts":"2025-12-22T13:16:10.771+0800","caller":"server/main.go:96","msg":"服务器已优雅关闭"}
{"level":"info","ts":"2025-12-22T13:16:14.733+0800","caller":"bootstrap/logger.go:73","msg":"日志模块初始化成功","level":"debug","format":"json"}
{"level":"info","ts":"2025-12-22T13:16:14.737+0800","caller":"bootstrap/redis.go:34","msg":"Redis 连接成功"}
{"level":"info","ts":"2025-12-22T13:16:14.740+0800","caller":"bootstrap/database.go:80","msg":"数据库初始化成功","driver":"sqlite","prefix":"la_"}
{"level":"info","ts":"2025-12-22T13:18:09.149+0800","caller":"bootstrap/logger.go:73","msg":"日志模块初始化成功","level":"debug","format":"json"}
{"level":"info","ts":"2025-12-22T13:18:09.155+0800","caller":"bootstrap/redis.go:34","msg":"Redis 连接成功"}
{"level":"info","ts":"2025-12-22T13:18:09.158+0800","caller":"bootstrap/database.go:80","msg":"数据库初始化成功","driver":"sqlite","prefix":"la_"}
{"level":"info","ts":"2025-12-22T13:18:09.239+0800","caller":"bootstrap/casbin.go:34","msg":"Casbin 初始化成功","model":"./config/rbac_model.conf"}
{"level":"info","ts":"2025-12-22T13:18:09.240+0800","caller":"server/server.go:64","msg":"正在启动服务器","port":":8080"}
{"level":"info","ts":"2025-12-22T13:18:14.205+0800","caller":"middleware/reqLog.go:30","msg":"请求完成","method":"GET","name":"用户列表","path":"/admin/v1/users/list","status":200,"latency":0.00041425,"ip":"127.0.0.1","request_id":"84d76493-0167-49f6-beeb-84b435df2bd3"}
{"level":"info","ts":"2025-12-22T13:20:22.226+0800","caller":"server/main.go:79","msg":"收到关闭信号","signal":"interrupt"}
{"level":"info","ts":"2025-12-22T13:20:22.328+0800","caller":"server/server.go:78","msg":"HTTP 服务已关闭"}
{"level":"info","ts":"2025-12-22T13:20:22.328+0800","caller":"server/server.go:87","msg":"Redis 连接已关闭"}
{"level":"info","ts":"2025-12-22T13:20:22.329+0800","caller":"server/server.go:99","msg":"数据库连接已关闭"}
{"level":"info","ts":"2025-12-22T13:20:22.329+0800","caller":"server/main.go:96","msg":"服务器已优雅关闭"}
{"level":"info","ts":"2025-12-22T13:20:26.520+0800","caller":"bootstrap/logger.go:73","msg":"日志模块初始化成功","level":"debug","format":"json"}
{"level":"info","ts":"2025-12-22T13:20:26.524+0800","caller":"bootstrap/redis.go:34","msg":"Redis 连接成功"}
{"level":"info","ts":"2025-12-22T13:20:26.527+0800","caller":"bootstrap/database.go:80","msg":"数据库初始化成功","driver":"sqlite","prefix":"la_"}
{"level":"info","ts":"2025-12-22T13:20:26.589+0800","caller":"bootstrap/casbin.go:34","msg":"Casbin 初始化成功","model":"./config/rbac_model.conf"}
{"level":"info","ts":"2025-12-22T13:20:26.589+0800","caller":"server/server.go:64","msg":"正在启动服务器","port":":8080"}
{"level":"info","ts":"2025-12-22T13:20:28.517+0800","caller":"middleware/reqLog.go:30","msg":"请求完成","method":"GET","name":"用户列表","path":"/admin/v1/users/list","status":200,"latency":0.001147834,"ip":"127.0.0.1","request_id":"9e73d931-1c70-438b-968c-b7e1c7de80d5"}
{"level":"info","ts":"2025-12-22T13:23:55.811+0800","caller":"server/main.go:79","msg":"收到关闭信号","signal":"interrupt"}
{"level":"info","ts":"2025-12-22T13:23:55.913+0800","caller":"server/server.go:78","msg":"HTTP 服务已关闭"}
{"level":"info","ts":"2025-12-22T13:23:55.913+0800","caller":"server/server.go:87","msg":"Redis 连接已关闭"}
{"level":"info","ts":"2025-12-22T13:23:55.913+0800","caller":"server/server.go:99","msg":"数据库连接已关闭"}
{"level":"info","ts":"2025-12-22T13:23:55.913+0800","caller":"server/main.go:96","msg":"服务器已优雅关闭"}
{"level":"info","ts":"2025-12-22T13:24:12.701+0800","caller":"bootstrap/logger.go:73","msg":"日志模块初始化成功","level":"debug","format":"json"}
{"level":"info","ts":"2025-12-22T13:24:12.706+0800","caller":"bootstrap/redis.go:34","msg":"Redis 连接成功"}
{"level":"info","ts":"2025-12-22T13:24:12.709+0800","caller":"bootstrap/database.go:80","msg":"数据库初始化成功","driver":"sqlite","prefix":"la_"}
{"level":"info","ts":"2025-12-22T13:24:12.774+0800","caller":"bootstrap/casbin.go:34","msg":"Casbin 初始化成功","model":"./config/rbac_model.conf"}
{"level":"info","ts":"2025-12-22T13:24:12.774+0800","caller":"server/server.go:64","msg":"正在启动服务器","port":":8080"}
{"level":"info","ts":"2025-12-22T13:24:15.594+0800","caller":"server/main.go:79","msg":"收到关闭信号","signal":"interrupt"}
{"level":"info","ts":"2025-12-22T13:24:15.595+0800","caller":"server/server.go:78","msg":"HTTP 服务已关闭"}
{"level":"info","ts":"2025-12-22T13:24:15.595+0800","caller":"server/server.go:87","msg":"Redis 连接已关闭"}
{"level":"info","ts":"2025-12-22T13:24:15.595+0800","caller":"server/server.go:99","msg":"数据库连接已关闭"}
{"level":"info","ts":"2025-12-22T13:24:15.595+0800","caller":"server/main.go:96","msg":"服务器已优雅关闭"}
{"level":"info","ts":"2025-12-22T13:27:42.835+0800","caller":"bootstrap/logger.go:73","msg":"日志模块初始化成功","level":"debug","format":"json"}
{"level":"info","ts":"2025-12-22T13:27:42.840+0800","caller":"bootstrap/redis.go:34","msg":"Redis 连接成功"}
{"level":"info","ts":"2025-12-22T13:27:42.843+0800","caller":"bootstrap/database.go:80","msg":"数据库初始化成功","driver":"sqlite","prefix":"la_"}
{"level":"info","ts":"2025-12-22T13:27:42.914+0800","caller":"bootstrap/casbin.go:34","msg":"Casbin 初始化成功","model":"./config/rbac_model.conf"}
{"level":"info","ts":"2025-12-22T13:27:42.915+0800","caller":"server/server.go:64","msg":"正在启动服务器","port":":8080"}
{"level":"error","ts":"2025-12-22T13:27:56.438+0800","caller":"middleware/error.go:50","msg":"系统错误","error":"Not Found","path":"/admin/v1/users/list","method":"GET","latency":0.000244959,"ip":"127.0.0.1","request_id":"35bca5aa-ef0e-4726-9a34-0b3998edd886","stacktrace":"fiberEE/internal/server.NewServer.NewErrorHandler.func1\n\t/Users/mogenle/GolandProjects/fiberEE/internal/middleware/error.go:50\ngithub.com/gofiber/fiber/v3.(*App).ErrorHandler\n\t/Users/mogenle/go/pkg/mod/github.com/gofiber/fiber/v3@v3.0.0-rc.3/app.go:1321\ngithub.com/gofiber/fiber/v3.(*App).requestHandler\n\t/Users/mogenle/go/pkg/mod/github.com/gofiber/fiber/v3@v3.0.0-rc.3/router.go:348\ngithub.com/valyala/fasthttp.(*Server).serveConn\n\t/Users/mogenle/go/pkg/mod/github.com/valyala/fasthttp@v1.68.0/server.go:2465\ngithub.com/valyala/fasthttp.(*workerPool).workerFunc\n\t/Users/mogenle/go/pkg/mod/github.com/valyala/fasthttp@v1.68.0/workerpool.go:225\ngithub.com/valyala/fasthttp.(*workerPool).getCh.func1\n\t/Users/mogenle/go/pkg/mod/github.com/valyala/fasthttp@v1.68.0/workerpool.go:197"}
{"level":"error","ts":"2025-12-22T13:28:05.117+0800","caller":"middleware/error.go:50","msg":"系统错误","error":"Not Found","path":"/admin/v1/test/list","method":"GET","latency":0.000014083,"ip":"127.0.0.1","request_id":"cfa5d6b5-28e8-41d6-b946-4170f5ea938d","stacktrace":"fiberEE/internal/server.NewServer.NewErrorHandler.func1\n\t/Users/mogenle/GolandProjects/fiberEE/internal/middleware/error.go:50\ngithub.com/gofiber/fiber/v3.(*App).ErrorHandler\n\t/Users/mogenle/go/pkg/mod/github.com/gofiber/fiber/v3@v3.0.0-rc.3/app.go:1321\ngithub.com/gofiber/fiber/v3.(*App).requestHandler\n\t/Users/mogenle/go/pkg/mod/github.com/gofiber/fiber/v3@v3.0.0-rc.3/router.go:348\ngithub.com/valyala/fasthttp.(*Server).serveConn\n\t/Users/mogenle/go/pkg/mod/github.com/valyala/fasthttp@v1.68.0/server.go:2465\ngithub.com/valyala/fasthttp.(*workerPool).workerFunc\n\t/Users/mogenle/go/pkg/mod/github.com/valyala/fasthttp@v1.68.0/workerpool.go:225\ngithub.com/valyala/fasthttp.(*workerPool).getCh.func1\n\t/Users/mogenle/go/pkg/mod/github.com/valyala/fasthttp@v1.68.0/workerpool.go:197"}
{"level":"info","ts":"2025-12-22T13:29:39.831+0800","caller":"server/main.go:79","msg":"收到关闭信号","signal":"interrupt"}
{"level":"info","ts":"2025-12-22T13:29:39.933+0800","caller":"server/server.go:78","msg":"HTTP 服务已关闭"}
{"level":"info","ts":"2025-12-22T13:29:39.933+0800","caller":"server/server.go:87","msg":"Redis 连接已关闭"}
{"level":"info","ts":"2025-12-22T13:29:39.934+0800","caller":"server/server.go:99","msg":"数据库连接已关闭"}
{"level":"info","ts":"2025-12-22T13:29:39.934+0800","caller":"server/main.go:96","msg":"服务器已优雅关闭"}
{"level":"info","ts":"2025-12-22T13:29:43.859+0800","caller":"bootstrap/logger.go:73","msg":"日志模块初始化成功","level":"debug","format":"json"}
{"level":"info","ts":"2025-12-22T13:29:43.864+0800","caller":"bootstrap/redis.go:34","msg":"Redis 连接成功"}
{"level":"info","ts":"2025-12-22T13:29:43.867+0800","caller":"bootstrap/database.go:80","msg":"数据库初始化成功","driver":"sqlite","prefix":"la_"}
{"level":"info","ts":"2025-12-22T13:29:43.930+0800","caller":"bootstrap/casbin.go:34","msg":"Casbin 初始化成功","model":"./config/rbac_model.conf"}
{"level":"info","ts":"2025-12-22T13:29:43.930+0800","caller":"server/server.go:64","msg":"正在启动服务器","port":":8080"}
{"level":"info","ts":"2025-12-22T13:29:47.559+0800","caller":"middleware/reqLog.go:30","msg":"请求完成","method":"GET","name":"","path":"/admin/v1/test/list","status":200,"latency":0.001086042,"ip":"127.0.0.1","request_id":"637b8676-04d4-4931-96a8-aa23b73b3a44"}
{"level":"info","ts":"2025-12-22T13:39:41.019+0800","caller":"server/main.go:79","msg":"收到关闭信号","signal":"interrupt"}
{"level":"info","ts":"2025-12-22T13:39:41.120+0800","caller":"server/server.go:78","msg":"HTTP 服务已关闭"}
{"level":"info","ts":"2025-12-22T13:39:41.120+0800","caller":"server/server.go:87","msg":"Redis 连接已关闭"}
{"level":"info","ts":"2025-12-22T13:39:41.121+0800","caller":"server/server.go:99","msg":"数据库连接已关闭"}
{"level":"info","ts":"2025-12-22T13:39:41.121+0800","caller":"server/main.go:96","msg":"服务器已优雅关闭"}
{"level":"info","ts":"2025-12-22T13:40:57.109+0800","caller":"bootstrap/logger.go:73","msg":"日志模块初始化成功","level":"debug","format":"json"}
{"level":"info","ts":"2025-12-22T13:40:57.115+0800","caller":"bootstrap/redis.go:34","msg":"Redis 连接成功"}
{"level":"info","ts":"2025-12-22T13:40:57.124+0800","caller":"bootstrap/database.go:80","msg":"数据库初始化成功","driver":"sqlite","prefix":"la_"}
{"level":"info","ts":"2025-12-22T13:40:57.199+0800","caller":"bootstrap/casbin.go:34","msg":"Casbin 初始化成功","model":"./config/rbac_model.conf"}
{"level":"info","ts":"2025-12-22T13:40:57.200+0800","caller":"server/server.go:64","msg":"正在启动服务器","port":":8080"}
{"level":"info","ts":"2025-12-22T13:56:34.167+0800","caller":"server/main.go:79","msg":"收到关闭信号","signal":"interrupt"}
{"level":"info","ts":"2025-12-22T13:56:34.270+0800","caller":"server/server.go:78","msg":"HTTP 服务已关闭"}
{"level":"info","ts":"2025-12-22T13:56:34.270+0800","caller":"server/server.go:87","msg":"Redis 连接已关闭"}
{"level":"info","ts":"2025-12-22T13:56:34.271+0800","caller":"server/server.go:99","msg":"数据库连接已关闭"}
{"level":"info","ts":"2025-12-22T13:56:34.271+0800","caller":"server/main.go:96","msg":"服务器已优雅关闭"}
{"level":"info","ts":"2025-12-22T13:56:38.494+0800","caller":"bootstrap/logger.go:73","msg":"日志模块初始化成功","level":"debug","format":"json"}
{"level":"info","ts":"2025-12-22T13:56:38.499+0800","caller":"bootstrap/redis.go:34","msg":"Redis 连接成功"}
{"level":"info","ts":"2025-12-22T13:56:38.502+0800","caller":"bootstrap/database.go:80","msg":"数据库初始化成功","driver":"sqlite","prefix":"la_"}
{"level":"info","ts":"2025-12-22T13:56:38.574+0800","caller":"bootstrap/casbin.go:34","msg":"Casbin 初始化成功","model":"./config/rbac_model.conf"}
{"level":"info","ts":"2025-12-22T13:56:38.574+0800","caller":"server/server.go:64","msg":"正在启动服务器","port":":8080"}
{"level":"info","ts":"2025-12-22T13:56:43.289+0800","caller":"middleware/reqLog.go:30","msg":"请求完成","method":"GET","name":"","path":"/admin/v1/test/list","status":200,"latency":0.00822625,"ip":"127.0.0.1","request_id":"e9815b46-3ad2-4a9d-9f86-493d2aac9881"}
{"level":"info","ts":"2025-12-22T13:57:03.874+0800","caller":"middleware/reqLog.go:30","msg":"请求完成","method":"GET","name":"","path":"/admin/v1/test/list","status":200,"latency":0.000797,"ip":"127.0.0.1","request_id":"8d9d42c8-cef0-4a3b-94dc-7cfc136a7fa8"}
{"level":"info","ts":"2025-12-22T14:01:16.382+0800","caller":"middleware/reqLog.go:30","msg":"请求完成","method":"GET","name":"","path":"/admin/v1/test/list","status":200,"latency":0.001038375,"ip":"127.0.0.1","request_id":"c4a94407-6776-4e12-a8d7-c669a55fe02c"}
{"level":"info","ts":"2025-12-22T14:01:21.808+0800","caller":"server/main.go:79","msg":"收到关闭信号","signal":"interrupt"}
{"level":"info","ts":"2025-12-22T14:01:21.909+0800","caller":"server/server.go:78","msg":"HTTP 服务已关闭"}
{"level":"info","ts":"2025-12-22T14:01:21.909+0800","caller":"server/server.go:87","msg":"Redis 连接已关闭"}
{"level":"info","ts":"2025-12-22T14:01:21.910+0800","caller":"server/server.go:99","msg":"数据库连接已关闭"}
{"level":"info","ts":"2025-12-22T14:01:21.910+0800","caller":"server/main.go:96","msg":"服务器已优雅关闭"}
{"level":"info","ts":"2025-12-22T14:01:26.252+0800","caller":"bootstrap/logger.go:73","msg":"日志模块初始化成功","level":"debug","format":"json"}
{"level":"info","ts":"2025-12-22T14:01:26.256+0800","caller":"bootstrap/redis.go:34","msg":"Redis 连接成功"}
{"level":"info","ts":"2025-12-22T14:01:26.260+0800","caller":"bootstrap/database.go:80","msg":"数据库初始化成功","driver":"sqlite","prefix":"la_"}
{"level":"info","ts":"2025-12-22T14:01:26.329+0800","caller":"bootstrap/casbin.go:34","msg":"Casbin 初始化成功","model":"./config/rbac_model.conf"}
{"level":"info","ts":"2025-12-22T14:01:26.329+0800","caller":"server/server.go:64","msg":"正在启动服务器","port":":8080"}
{"level":"info","ts":"2025-12-22T14:01:28.708+0800","caller":"middleware/reqLog.go:30","msg":"请求完成","method":"GET","name":"","path":"/admin/v1/test/list","status":200,"latency":0.001920792,"ip":"127.0.0.1","request_id":"024e6e49-295f-41d1-bfd7-f1a4c7a3eb83"}
{"level":"info","ts":"2025-12-22T14:03:43.680+0800","caller":"server/main.go:79","msg":"收到关闭信号","signal":"interrupt"}
{"level":"info","ts":"2025-12-22T14:03:43.782+0800","caller":"server/server.go:78","msg":"HTTP 服务已关闭"}
{"level":"info","ts":"2025-12-22T14:03:43.782+0800","caller":"server/server.go:87","msg":"Redis 连接已关闭"}
{"level":"info","ts":"2025-12-22T14:03:43.782+0800","caller":"server/server.go:99","msg":"数据库连接已关闭"}
{"level":"info","ts":"2025-12-22T14:03:43.782+0800","caller":"server/main.go:96","msg":"服务器已优雅关闭"}
{"level":"info","ts":"2025-12-22T14:03:47.940+0800","caller":"bootstrap/logger.go:73","msg":"日志模块初始化成功","level":"debug","format":"json"}
{"level":"info","ts":"2025-12-22T14:03:47.946+0800","caller":"bootstrap/redis.go:34","msg":"Redis 连接成功"}
{"level":"info","ts":"2025-12-22T14:03:47.950+0800","caller":"bootstrap/database.go:80","msg":"数据库初始化成功","driver":"sqlite","prefix":"la_"}
{"level":"info","ts":"2025-12-22T14:03:47.951+0800","caller":"bootstrap/database.go:103","msg":"已插入测试用户","count":21}
{"level":"info","ts":"2025-12-22T14:03:48.019+0800","caller":"bootstrap/casbin.go:34","msg":"Casbin 初始化成功","model":"./config/rbac_model.conf"}
{"level":"info","ts":"2025-12-22T14:03:48.020+0800","caller":"server/server.go:64","msg":"正在启动服务器","port":":8080"}
{"level":"info","ts":"2025-12-22T14:03:51.037+0800","caller":"middleware/reqLog.go:30","msg":"请求完成","method":"GET","name":"","path":"/admin/v1/test/list","status":200,"latency":0.004304417,"ip":"127.0.0.1","request_id":"7ff28f64-92fa-41b3-9336-4cc1cb899529"}
{"level":"info","ts":"2025-12-22T14:04:02.194+0800","caller":"middleware/reqLog.go:30","msg":"请求完成","method":"GET","name":"","path":"/admin/v1/test/list","status":200,"latency":0.000875208,"ip":"127.0.0.1","request_id":"5b440e08-39e1-4645-9c70-827ff84958a9"}
{"level":"info","ts":"2025-12-22T14:04:10.551+0800","caller":"middleware/reqLog.go:30","msg":"请求完成","method":"GET","name":"","path":"/admin/v1/test/list","status":200,"latency":0.001013333,"ip":"127.0.0.1","request_id":"691fe009-dcc9-4cf3-bc48-b689292c49e9"}
{"level":"info","ts":"2025-12-22T14:06:59.396+0800","caller":"server/main.go:79","msg":"收到关闭信号","signal":"interrupt"}
{"level":"info","ts":"2025-12-22T14:06:59.498+0800","caller":"server/server.go:78","msg":"HTTP 服务已关闭"}
{"level":"info","ts":"2025-12-22T14:06:59.498+0800","caller":"server/server.go:87","msg":"Redis 连接已关闭"}
{"level":"info","ts":"2025-12-22T14:06:59.499+0800","caller":"server/server.go:99","msg":"数据库连接已关闭"}
{"level":"info","ts":"2025-12-22T14:06:59.499+0800","caller":"server/main.go:96","msg":"服务器已优雅关闭"}
{"level":"info","ts":"2025-12-22T14:07:03.722+0800","caller":"bootstrap/logger.go:73","msg":"日志模块初始化成功","level":"debug","format":"json"}
{"level":"info","ts":"2025-12-22T14:07:03.725+0800","caller":"bootstrap/redis.go:34","msg":"Redis 连接成功"}
{"level":"info","ts":"2025-12-22T14:07:03.728+0800","caller":"bootstrap/database.go:80","msg":"数据库初始化成功","driver":"sqlite","prefix":"la_"}
{"level":"info","ts":"2025-12-22T14:07:03.790+0800","caller":"bootstrap/casbin.go:34","msg":"Casbin 初始化成功","model":"./config/rbac_model.conf"}
{"level":"info","ts":"2025-12-22T14:07:03.791+0800","caller":"server/server.go:64","msg":"正在启动服务器","port":":8080"}
{"level":"info","ts":"2025-12-22T14:07:09.897+0800","caller":"middleware/reqLog.go:30","msg":"请求完成","method":"GET","name":"","path":"/admin/v1/test/list","status":200,"latency":0.001951458,"ip":"127.0.0.1","request_id":"456ca5cb-829e-4687-8d70-0b854be100bf"}
{"level":"info","ts":"2025-12-22T14:07:17.918+0800","caller":"middleware/reqLog.go:30","msg":"请求完成","method":"GET","name":"","path":"/admin/v1/test/list","status":200,"latency":0.001084375,"ip":"127.0.0.1","request_id":"95ee5bdd-824f-48b0-abb2-f1658f211e12"}
{"level":"info","ts":"2025-12-22T14:07:21.346+0800","caller":"middleware/reqLog.go:30","msg":"请求完成","method":"GET","name":"","path":"/admin/v1/test/list","status":200,"latency":0.000986625,"ip":"127.0.0.1","request_id":"3a19646c-6f54-4318-9f46-590c584fd851"}
{"level":"info","ts":"2025-12-22T14:07:29.159+0800","caller":"middleware/reqLog.go:30","msg":"请求完成","method":"GET","name":"","path":"/admin/v1/test/list","status":200,"latency":0.001461666,"ip":"127.0.0.1","request_id":"ccea28ed-2da1-4f3e-a3db-571576f89137"}
{"level":"info","ts":"2025-12-22T14:08:01.015+0800","caller":"middleware/reqLog.go:30","msg":"请求完成","method":"GET","name":"","path":"/admin/v1/test/list","status":200,"latency":0.0007965,"ip":"127.0.0.1","request_id":"8bfa7fb5-9b90-43c3-88f8-1e1daf1ef7eb"}
{"level":"info","ts":"2025-12-22T14:08:09.291+0800","caller":"middleware/reqLog.go:30","msg":"请求完成","method":"GET","name":"","path":"/admin/v1/test/list","status":200,"latency":0.00080725,"ip":"127.0.0.1","request_id":"8a33a633-55c6-4be4-a370-715c5c448718"}
{"level":"info","ts":"2025-12-22T14:08:20.230+0800","caller":"middleware/reqLog.go:30","msg":"请求完成","method":"GET","name":"","path":"/admin/v1/test/list","status":200,"latency":0.001429459,"ip":"127.0.0.1","request_id":"08f961d9-50af-4d8e-8cb9-97206db5bab6"}
{"level":"info","ts":"2025-12-22T14:08:58.522+0800","caller":"server/main.go:79","msg":"收到关闭信号","signal":"interrupt"}
{"level":"info","ts":"2025-12-22T14:08:58.623+0800","caller":"server/server.go:78","msg":"HTTP 服务已关闭"}
{"level":"info","ts":"2025-12-22T14:08:58.624+0800","caller":"server/server.go:87","msg":"Redis 连接已关闭"}
{"level":"info","ts":"2025-12-22T14:08:58.624+0800","caller":"server/server.go:99","msg":"数据库连接已关闭"}
{"level":"info","ts":"2025-12-22T14:08:58.624+0800","caller":"server/main.go:96","msg":"服务器已优雅关闭"}
{"level":"info","ts":"2025-12-22T14:09:02.707+0800","caller":"bootstrap/logger.go:73","msg":"日志模块初始化成功","level":"debug","format":"json"}
{"level":"info","ts":"2025-12-22T14:09:02.711+0800","caller":"bootstrap/redis.go:34","msg":"Redis 连接成功"}
{"level":"info","ts":"2025-12-22T14:09:02.714+0800","caller":"bootstrap/database.go:80","msg":"数据库初始化成功","driver":"sqlite","prefix":"la_"}
{"level":"info","ts":"2025-12-22T14:09:02.776+0800","caller":"bootstrap/casbin.go:34","msg":"Casbin 初始化成功","model":"./config/rbac_model.conf"}
{"level":"info","ts":"2025-12-22T14:09:02.776+0800","caller":"server/server.go:64","msg":"正在启动服务器","port":":8080"}
{"level":"info","ts":"2025-12-22T14:09:05.374+0800","caller":"middleware/reqLog.go:30","msg":"请求完成","method":"GET","name":"","path":"/admin/v1/test/list","status":200,"latency":0.002858209,"ip":"127.0.0.1","request_id":"1912151a-39c4-4ebc-bd33-1f80fc13db5e"}
{"level":"info","ts":"2025-12-22T14:09:09.339+0800","caller":"middleware/reqLog.go:30","msg":"请求完成","method":"GET","name":"","path":"/admin/v1/test/list","status":200,"latency":0.000330583,"ip":"127.0.0.1","request_id":"34bc401b-7d09-4022-bd57-0365ef73251a"}
{"level":"info","ts":"2025-12-22T14:09:11.773+0800","caller":"middleware/reqLog.go:30","msg":"请求完成","method":"GET","name":"","path":"/admin/v1/test/list","status":200,"latency":0.001252125,"ip":"127.0.0.1","request_id":"0d229392-2d2d-46b6-8c17-2c6397cdba18"}
{"level":"info","ts":"2025-12-22T14:09:14.645+0800","caller":"middleware/reqLog.go:30","msg":"请求完成","method":"GET","name":"","path":"/admin/v1/test/list","status":200,"latency":0.001679125,"ip":"127.0.0.1","request_id":"477e3539-9634-4843-8b04-0190ad895234"}
{"level":"info","ts":"2025-12-22T14:12:26.839+0800","caller":"middleware/reqLog.go:30","msg":"请求完成","method":"GET","name":"","path":"/admin/v1/test/list","status":200,"latency":0.0014535,"ip":"127.0.0.1","request_id":"b53e4041-9aad-4797-abaf-51b06dd3b070"}
{"level":"info","ts":"2025-12-22T14:14:35.710+0800","caller":"server/main.go:79","msg":"收到关闭信号","signal":"interrupt"}
{"level":"info","ts":"2025-12-22T14:14:35.812+0800","caller":"server/server.go:78","msg":"HTTP 服务已关闭"}
{"level":"info","ts":"2025-12-22T14:14:35.812+0800","caller":"server/server.go:87","msg":"Redis 连接已关闭"}
{"level":"info","ts":"2025-12-22T14:14:35.813+0800","caller":"server/server.go:99","msg":"数据库连接已关闭"}
{"level":"info","ts":"2025-12-22T14:14:35.813+0800","caller":"server/main.go:96","msg":"服务器已优雅关闭"}
{"level":"info","ts":"2025-12-22T14:14:40.403+0800","caller":"bootstrap/logger.go:73","msg":"日志模块初始化成功","level":"debug","format":"json"}
{"level":"info","ts":"2025-12-22T14:14:40.410+0800","caller":"bootstrap/redis.go:34","msg":"Redis 连接成功"}
{"level":"info","ts":"2025-12-22T14:14:40.413+0800","caller":"bootstrap/database.go:80","msg":"数据库初始化成功","driver":"sqlite","prefix":"la_"}
{"level":"info","ts":"2025-12-22T14:14:40.485+0800","caller":"bootstrap/casbin.go:34","msg":"Casbin 初始化成功","model":"./config/rbac_model.conf"}
{"level":"info","ts":"2025-12-22T14:14:40.486+0800","caller":"server/server.go:64","msg":"正在启动服务器","port":":8080"}
{"level":"info","ts":"2025-12-22T14:14:44.808+0800","caller":"server/main.go:79","msg":"收到关闭信号","signal":"interrupt"}
{"level":"info","ts":"2025-12-22T14:14:44.809+0800","caller":"server/server.go:78","msg":"HTTP 服务已关闭"}
{"level":"info","ts":"2025-12-22T14:14:44.809+0800","caller":"server/server.go:87","msg":"Redis 连接已关闭"}
{"level":"info","ts":"2025-12-22T14:14:44.809+0800","caller":"server/server.go:99","msg":"数据库连接已关闭"}
{"level":"info","ts":"2025-12-22T14:14:44.809+0800","caller":"server/main.go:96","msg":"服务器已优雅关闭"}
{"level":"info","ts":"2025-12-22T14:14:48.304+0800","caller":"bootstrap/logger.go:73","msg":"日志模块初始化成功","level":"debug","format":"json"}
{"level":"info","ts":"2025-12-22T14:14:48.308+0800","caller":"bootstrap/redis.go:34","msg":"Redis 连接成功"}
{"level":"info","ts":"2025-12-22T14:14:48.310+0800","caller":"bootstrap/database.go:80","msg":"数据库初始化成功","driver":"sqlite","prefix":"la_"}
{"level":"info","ts":"2025-12-22T14:14:48.378+0800","caller":"bootstrap/casbin.go:34","msg":"Casbin 初始化成功","model":"./config/rbac_model.conf"}
{"level":"info","ts":"2025-12-22T14:14:48.378+0800","caller":"server/server.go:64","msg":"正在启动服务器","port":":8080"}
{"level":"info","ts":"2025-12-22T14:14:50.086+0800","caller":"middleware/reqLog.go:30","msg":"请求完成","method":"GET","name":"","path":"/admin/v1/test/list","status":200,"latency":0.001720875,"ip":"127.0.0.1","request_id":"56788073-7d80-49c3-a00d-0eba5f43933c"}
{"level":"info","ts":"2025-12-22T14:14:58.237+0800","caller":"middleware/reqLog.go:30","msg":"请求完成","method":"GET","name":"","path":"/admin/v1/test/list","status":200,"latency":0.002657917,"ip":"127.0.0.1","request_id":"d20697c0-6abf-4137-a869-a6bea4adbe33"}
{"level":"info","ts":"2025-12-22T14:15:06.167+0800","caller":"server/main.go:79","msg":"收到关闭信号","signal":"interrupt"}
{"level":"info","ts":"2025-12-22T14:15:06.268+0800","caller":"server/server.go:78","msg":"HTTP 服务已关闭"}
{"level":"info","ts":"2025-12-22T14:15:06.269+0800","caller":"server/server.go:87","msg":"Redis 连接已关闭"}
{"level":"info","ts":"2025-12-22T14:15:06.269+0800","caller":"server/server.go:99","msg":"数据库连接已关闭"}
{"level":"info","ts":"2025-12-22T14:15:06.269+0800","caller":"server/main.go:96","msg":"服务器已优雅关闭"}
{"level":"info","ts":"2025-12-22T14:15:07.099+0800","caller":"bootstrap/logger.go:73","msg":"日志模块初始化成功","level":"debug","format":"json"}
{"level":"info","ts":"2025-12-22T14:15:07.102+0800","caller":"bootstrap/redis.go:34","msg":"Redis 连接成功"}
{"level":"info","ts":"2025-12-22T14:15:07.104+0800","caller":"bootstrap/database.go:80","msg":"数据库初始化成功","driver":"sqlite","prefix":"la_"}
{"level":"info","ts":"2025-12-22T14:15:07.178+0800","caller":"bootstrap/casbin.go:34","msg":"Casbin 初始化成功","model":"./config/rbac_model.conf"}
{"level":"info","ts":"2025-12-22T14:15:07.178+0800","caller":"server/server.go:64","msg":"正在启动服务器","port":":8080"}
{"level":"info","ts":"2025-12-22T14:15:09.640+0800","caller":"middleware/reqLog.go:30","msg":"请求完成","method":"GET","name":"","path":"/admin/v1/test/list","status":200,"latency":0.005257167,"ip":"127.0.0.1","request_id":"f7f4fd55-c2d3-49c9-932a-672fab0837c6"}
{"level":"info","ts":"2025-12-22T14:15:35.748+0800","caller":"server/main.go:79","msg":"收到关闭信号","signal":"interrupt"}
{"level":"info","ts":"2025-12-22T14:15:35.850+0800","caller":"server/server.go:78","msg":"HTTP 服务已关闭"}
{"level":"info","ts":"2025-12-22T14:15:35.850+0800","caller":"server/server.go:87","msg":"Redis 连接已关闭"}
{"level":"info","ts":"2025-12-22T14:15:35.851+0800","caller":"server/server.go:99","msg":"数据库连接已关闭"}
{"level":"info","ts":"2025-12-22T14:15:35.851+0800","caller":"server/main.go:96","msg":"服务器已优雅关闭"}
{"level":"info","ts":"2025-12-22T14:15:39.641+0800","caller":"bootstrap/logger.go:73","msg":"日志模块初始化成功","level":"debug","format":"json"}
{"level":"info","ts":"2025-12-22T14:15:39.645+0800","caller":"bootstrap/redis.go:34","msg":"Redis 连接成功"}
{"level":"info","ts":"2025-12-22T14:15:39.649+0800","caller":"bootstrap/database.go:80","msg":"数据库初始化成功","driver":"sqlite","prefix":"la_"}
{"level":"info","ts":"2025-12-22T14:15:39.710+0800","caller":"bootstrap/casbin.go:34","msg":"Casbin 初始化成功","model":"./config/rbac_model.conf"}
{"level":"info","ts":"2025-12-22T14:15:39.711+0800","caller":"server/server.go:64","msg":"正在启动服务器","port":":8080"}
{"level":"info","ts":"2025-12-22T14:15:42.668+0800","caller":"middleware/reqLog.go:30","msg":"请求完成","method":"GET","name":"","path":"/admin/v1/test/list","status":200,"latency":0.002408834,"ip":"127.0.0.1","request_id":"82313ec0-d49c-4eae-af37-518d4fb4ef6f"}
{"level":"info","ts":"2025-12-22T14:16:01.907+0800","caller":"server/main.go:79","msg":"收到关闭信号","signal":"interrupt"}
{"level":"info","ts":"2025-12-22T14:16:02.008+0800","caller":"server/server.go:78","msg":"HTTP 服务已关闭"}
{"level":"info","ts":"2025-12-22T14:16:02.008+0800","caller":"server/server.go:87","msg":"Redis 连接已关闭"}
{"level":"info","ts":"2025-12-22T14:16:02.009+0800","caller":"server/server.go:99","msg":"数据库连接已关闭"}
{"level":"info","ts":"2025-12-22T14:16:02.009+0800","caller":"server/main.go:96","msg":"服务器已优雅关闭"}
{"level":"info","ts":"2025-12-22T14:16:05.836+0800","caller":"bootstrap/logger.go:73","msg":"日志模块初始化成功","level":"debug","format":"json"}
{"level":"info","ts":"2025-12-22T14:16:05.839+0800","caller":"bootstrap/redis.go:34","msg":"Redis 连接成功"}
{"level":"info","ts":"2025-12-22T14:16:05.842+0800","caller":"bootstrap/database.go:80","msg":"数据库初始化成功","driver":"sqlite","prefix":"la_"}
{"level":"info","ts":"2025-12-22T14:16:05.902+0800","caller":"bootstrap/casbin.go:34","msg":"Casbin 初始化成功","model":"./config/rbac_model.conf"}
{"level":"info","ts":"2025-12-22T14:16:05.903+0800","caller":"server/server.go:64","msg":"正在启动服务器","port":":8080"}
{"level":"info","ts":"2025-12-22T14:16:09.048+0800","caller":"middleware/reqLog.go:30","msg":"请求完成","method":"GET","name":"","path":"/admin/v1/test/list","status":200,"latency":0.002423833,"ip":"127.0.0.1","request_id":"85ed4afa-17a1-46f2-9d15-ceaf6b8e969a"}
{"level":"info","ts":"2025-12-22T14:16:29.946+0800","caller":"middleware/reqLog.go:30","msg":"请求完成","method":"GET","name":"","path":"/admin/v1/test/list","status":200,"latency":0.002353209,"ip":"127.0.0.1","request_id":"c1451c72-9d7a-4195-94f6-7498fc1f6101"}
{"level":"info","ts":"2025-12-22T14:16:38.871+0800","caller":"server/main.go:79","msg":"收到关闭信号","signal":"interrupt"}
{"level":"info","ts":"2025-12-22T14:16:38.972+0800","caller":"server/server.go:78","msg":"HTTP 服务已关闭"}
{"level":"info","ts":"2025-12-22T14:16:38.972+0800","caller":"server/server.go:87","msg":"Redis 连接已关闭"}
{"level":"info","ts":"2025-12-22T14:16:38.973+0800","caller":"server/server.go:99","msg":"数据库连接已关闭"}
{"level":"info","ts":"2025-12-22T14:16:38.973+0800","caller":"server/main.go:96","msg":"服务器已优雅关闭"}
{"level":"info","ts":"2025-12-22T14:16:42.687+0800","caller":"bootstrap/logger.go:73","msg":"日志模块初始化成功","level":"debug","format":"json"}
{"level":"info","ts":"2025-12-22T14:16:42.691+0800","caller":"bootstrap/redis.go:34","msg":"Redis 连接成功"}
{"level":"info","ts":"2025-12-22T14:16:42.694+0800","caller":"bootstrap/database.go:80","msg":"数据库初始化成功","driver":"sqlite","prefix":"la_"}
{"level":"info","ts":"2025-12-22T14:16:42.756+0800","caller":"bootstrap/casbin.go:34","msg":"Casbin 初始化成功","model":"./config/rbac_model.conf"}
{"level":"info","ts":"2025-12-22T14:16:42.756+0800","caller":"server/server.go:64","msg":"正在启动服务器","port":":8080"}
{"level":"info","ts":"2025-12-22T14:16:45.341+0800","caller":"middleware/reqLog.go:30","msg":"请求完成","method":"GET","name":"","path":"/admin/v1/test/list","status":200,"latency":0.002230375,"ip":"127.0.0.1","request_id":"9eb10699-ac9c-41e5-a715-41418b109bcc"}
{"level":"info","ts":"2025-12-22T14:17:46.653+0800","caller":"server/main.go:79","msg":"收到关闭信号","signal":"interrupt"}
{"level":"info","ts":"2025-12-22T14:17:46.755+0800","caller":"server/server.go:78","msg":"HTTP 服务已关闭"}
{"level":"info","ts":"2025-12-22T14:17:46.755+0800","caller":"server/server.go:87","msg":"Redis 连接已关闭"}
{"level":"info","ts":"2025-12-22T14:17:46.756+0800","caller":"server/server.go:99","msg":"数据库连接已关闭"}
{"level":"info","ts":"2025-12-22T14:17:46.756+0800","caller":"server/main.go:96","msg":"服务器已优雅关闭"}
{"level":"info","ts":"2025-12-22T14:17:50.627+0800","caller":"bootstrap/logger.go:73","msg":"日志模块初始化成功","level":"debug","format":"json"}
{"level":"info","ts":"2025-12-22T14:17:50.632+0800","caller":"bootstrap/redis.go:34","msg":"Redis 连接成功"}
{"level":"info","ts":"2025-12-22T14:17:50.635+0800","caller":"bootstrap/database.go:80","msg":"数据库初始化成功","driver":"sqlite","prefix":"la_"}
{"level":"info","ts":"2025-12-22T14:17:50.700+0800","caller":"bootstrap/casbin.go:34","msg":"Casbin 初始化成功","model":"./config/rbac_model.conf"}
{"level":"info","ts":"2025-12-22T14:17:50.700+0800","caller":"server/server.go:64","msg":"正在启动服务器","port":":8080"}
{"level":"warn","ts":"2025-12-22T14:17:52.409+0800","caller":"middleware/error.go:37","msg":"业务错误","code":2001,"msg":"参数校验错误","path":"/admin/v1/test/list","method":"GET","latency":0.001033167,"ip":"127.0.0.1","request_id":"c6317b19-fb02-462e-8b87-6d328637044d"}
{"level":"warn","ts":"2025-12-22T14:18:11.942+0800","caller":"middleware/error.go:37","msg":"业务错误","code":2001,"msg":"参数校验错误","path":"/admin/v1/test/list","method":"GET","latency":0.000123542,"ip":"127.0.0.1","request_id":"d2ffd073-eb93-409a-9db3-2a87c81c65ef"}
{"level":"info","ts":"2025-12-22T14:18:36.737+0800","caller":"server/main.go:79","msg":"收到关闭信号","signal":"interrupt"}
{"level":"info","ts":"2025-12-22T14:18:36.838+0800","caller":"server/server.go:78","msg":"HTTP 服务已关闭"}
{"level":"info","ts":"2025-12-22T14:18:36.838+0800","caller":"server/server.go:87","msg":"Redis 连接已关闭"}
{"level":"info","ts":"2025-12-22T14:18:36.839+0800","caller":"server/server.go:99","msg":"数据库连接已关闭"}
{"level":"info","ts":"2025-12-22T14:18:36.839+0800","caller":"server/main.go:96","msg":"服务器已优雅关闭"}
{"level":"info","ts":"2025-12-22T14:18:40.747+0800","caller":"bootstrap/logger.go:73","msg":"日志模块初始化成功","level":"debug","format":"json"}
{"level":"info","ts":"2025-12-22T14:18:40.752+0800","caller":"bootstrap/redis.go:34","msg":"Redis 连接成功"}
{"level":"info","ts":"2025-12-22T14:18:40.756+0800","caller":"bootstrap/database.go:80","msg":"数据库初始化成功","driver":"sqlite","prefix":"la_"}
{"level":"info","ts":"2025-12-22T14:18:40.823+0800","caller":"bootstrap/casbin.go:34","msg":"Casbin 初始化成功","model":"./config/rbac_model.conf"}
{"level":"info","ts":"2025-12-22T14:18:40.823+0800","caller":"server/server.go:64","msg":"正在启动服务器","port":":8080"}
{"level":"warn","ts":"2025-12-22T14:18:42.673+0800","caller":"middleware/error.go:37","msg":"业务错误","code":2001,"msg":"参数校验错误","path":"/admin/v1/test/list","method":"GET","latency":0.000709375,"ip":"127.0.0.1","request_id":"ded23cda-9106-4055-b48e-0377dc7932c6"}
{"level":"warn","ts":"2025-12-22T14:18:52.451+0800","caller":"middleware/error.go:37","msg":"业务错误","code":2001,"msg":"参数校验错误","path":"/admin/v1/test/list","method":"GET","latency":0.000109,"ip":"127.0.0.1","request_id":"1e204bab-2f85-4a12-8edd-da37b4be900e"}
{"level":"info","ts":"2025-12-22T14:18:59.392+0800","caller":"middleware/reqLog.go:30","msg":"请求完成","method":"GET","name":"","path":"/admin/v1/test/list","status":200,"latency":0.003146375,"ip":"127.0.0.1","request_id":"221a6aa2-fd28-4b67-b77a-f852c12bfbc7"}
{"level":"warn","ts":"2025-12-22T14:19:27.266+0800","caller":"middleware/error.go:37","msg":"业务错误","code":2001,"msg":"参数校验错误","path":"/admin/v1/test/list","method":"GET","latency":0.000201542,"ip":"127.0.0.1","request_id":"eaf509d7-4c03-4971-889e-0586c50b6c0b"}
{"level":"info","ts":"2025-12-22T14:23:57.558+0800","caller":"server/main.go:79","msg":"收到关闭信号","signal":"interrupt"}
{"level":"info","ts":"2025-12-22T14:23:57.660+0800","caller":"server/server.go:78","msg":"HTTP 服务已关闭"}
{"level":"info","ts":"2025-12-22T14:23:57.660+0800","caller":"server/server.go:87","msg":"Redis 连接已关闭"}
{"level":"info","ts":"2025-12-22T14:23:57.660+0800","caller":"server/server.go:99","msg":"数据库连接已关闭"}
{"level":"info","ts":"2025-12-22T14:23:57.660+0800","caller":"server/main.go:96","msg":"服务器已优雅关闭"}
{"level":"info","ts":"2025-12-22T14:24:01.736+0800","caller":"bootstrap/logger.go:73","msg":"日志模块初始化成功","level":"debug","format":"json"}
{"level":"info","ts":"2025-12-22T14:24:01.740+0800","caller":"bootstrap/redis.go:34","msg":"Redis 连接成功"}
{"level":"info","ts":"2025-12-22T14:24:01.744+0800","caller":"bootstrap/database.go:80","msg":"数据库初始化成功","driver":"sqlite","prefix":"la_"}
{"level":"info","ts":"2025-12-22T14:24:01.809+0800","caller":"bootstrap/casbin.go:34","msg":"Casbin 初始化成功","model":"./config/rbac_model.conf"}
{"level":"info","ts":"2025-12-22T14:24:01.810+0800","caller":"server/server.go:64","msg":"正在启动服务器","port":":8080"}
{"level":"info","ts":"2025-12-22T14:24:05.735+0800","caller":"middleware/reqLog.go:30","msg":"请求完成","method":"GET","name":"","path":"/admin/v1/test/list","status":200,"latency":0.002497708,"ip":"127.0.0.1","request_id":"b1163222-1cfd-4f29-962d-e83bd12e8724"}
{"level":"info","ts":"2025-12-22T14:24:16.884+0800","caller":"middleware/reqLog.go:30","msg":"请求完成","method":"GET","name":"","path":"/admin/v1/test/list","status":200,"latency":0.000513333,"ip":"127.0.0.1","request_id":"3f795194-98b1-48ca-95fc-8920473a5a1e"}
{"level":"warn","ts":"2025-12-22T14:24:19.572+0800","caller":"middleware/error.go:37","msg":"业务错误","code":2001,"msg":"参数校验错误","path":"/admin/v1/test/list","method":"GET","latency":0.000155125,"ip":"127.0.0.1","request_id":"f15bac27-7490-4aac-8d1c-18ac2da7f19c"}
{"level":"info","ts":"2025-12-22T14:24:25.781+0800","caller":"middleware/reqLog.go:30","msg":"请求完成","method":"GET","name":"","path":"/admin/v1/test/list","status":200,"latency":0.001282625,"ip":"127.0.0.1","request_id":"3586db48-babb-4dca-ab35-5ccd96bf2f2e"}
{"level":"info","ts":"2025-12-22T14:26:47.634+0800","caller":"server/main.go:79","msg":"收到关闭信号","signal":"interrupt"}
{"level":"info","ts":"2025-12-22T14:26:47.736+0800","caller":"server/server.go:78","msg":"HTTP 服务已关闭"}
{"level":"info","ts":"2025-12-22T14:26:47.736+0800","caller":"server/server.go:87","msg":"Redis 连接已关闭"}
{"level":"info","ts":"2025-12-22T14:26:47.737+0800","caller":"server/server.go:99","msg":"数据库连接已关闭"}
{"level":"info","ts":"2025-12-22T14:26:47.737+0800","caller":"server/main.go:96","msg":"服务器已优雅关闭"}
{"level":"info","ts":"2025-12-22T14:26:52.566+0800","caller":"bootstrap/logger.go:73","msg":"日志模块初始化成功","level":"debug","format":"json"}
{"level":"info","ts":"2025-12-22T14:26:52.570+0800","caller":"bootstrap/redis.go:34","msg":"Redis 连接成功"}
{"level":"info","ts":"2025-12-22T14:26:52.573+0800","caller":"bootstrap/database.go:80","msg":"数据库初始化成功","driver":"sqlite","prefix":"la_"}
{"level":"info","ts":"2025-12-22T14:26:52.635+0800","caller":"bootstrap/casbin.go:34","msg":"Casbin 初始化成功","model":"./config/rbac_model.conf"}
{"level":"info","ts":"2025-12-22T14:26:52.635+0800","caller":"server/server.go:64","msg":"正在启动服务器","port":":8080"}
{"level":"info","ts":"2025-12-22T14:26:54.696+0800","caller":"middleware/reqLog.go:30","msg":"请求完成","method":"GET","name":"","path":"/admin/v1/test/list","status":200,"latency":0.004024917,"ip":"127.0.0.1","request_id":"ac43f61d-a0cd-4d4e-a595-b9b3fb16339c"}
{"level":"info","ts":"2025-12-22T14:27:15.335+0800","caller":"server/main.go:79","msg":"收到关闭信号","signal":"interrupt"}
{"level":"info","ts":"2025-12-22T14:27:15.437+0800","caller":"server/server.go:78","msg":"HTTP 服务已关闭"}
{"level":"info","ts":"2025-12-22T14:27:15.437+0800","caller":"server/server.go:87","msg":"Redis 连接已关闭"}
{"level":"info","ts":"2025-12-22T14:27:15.437+0800","caller":"server/server.go:99","msg":"数据库连接已关闭"}
{"level":"info","ts":"2025-12-22T14:27:15.437+0800","caller":"server/main.go:96","msg":"服务器已优雅关闭"}
{"level":"info","ts":"2025-12-22T14:27:19.631+0800","caller":"bootstrap/logger.go:73","msg":"日志模块初始化成功","level":"debug","format":"json"}
{"level":"info","ts":"2025-12-22T14:27:19.635+0800","caller":"bootstrap/redis.go:34","msg":"Redis 连接成功"}
{"level":"info","ts":"2025-12-22T14:27:19.638+0800","caller":"bootstrap/database.go:80","msg":"数据库初始化成功","driver":"sqlite","prefix":"la_"}
{"level":"info","ts":"2025-12-22T14:27:19.700+0800","caller":"bootstrap/casbin.go:34","msg":"Casbin 初始化成功","model":"./config/rbac_model.conf"}
{"level":"info","ts":"2025-12-22T14:27:19.701+0800","caller":"server/server.go:64","msg":"正在启动服务器","port":":8080"}
{"level":"info","ts":"2025-12-22T14:27:22.458+0800","caller":"middleware/reqLog.go:30","msg":"请求完成","method":"GET","name":"","path":"/admin/v1/test/list","status":200,"latency":0.002435166,"ip":"127.0.0.1","request_id":"a6089587-5071-43ef-b6e2-8e65f0053f21"}
{"level":"info","ts":"2025-12-22T14:27:25.569+0800","caller":"middleware/reqLog.go:30","msg":"请求完成","method":"GET","name":"","path":"/admin/v1/test/list","status":200,"latency":0.00102575,"ip":"127.0.0.1","request_id":"b33a3d4a-db14-422e-9145-5897725c5e5c"}
{"level":"info","ts":"2025-12-22T14:27:32.244+0800","caller":"middleware/reqLog.go:30","msg":"请求完成","method":"GET","name":"","path":"/admin/v1/test/list","status":200,"latency":0.001226167,"ip":"127.0.0.1","request_id":"41bab1c1-f958-4304-b501-bacdb4587066"}
{"level":"error","ts":"2025-12-22T14:29:10.085+0800","caller":"middleware/recover.go:15","msg":"panic recovered","panic":"implement me","path":"/admin/v1/test/detail/123","method":"GET","ip":"127.0.0.1","stacktrace":"fiberEE/internal/middleware.Use.recoverErr.func1\n\t/Users/mogenle/GolandProjects/fiberEE/internal/middleware/recover.go:15\nfiberEE/internal/middleware.Use.recoverErr.New.func4.1\n\t/Users/mogenle/go/pkg/mod/github.com/gofiber/fiber/v3@v3.0.0-rc.3/middleware/recover/recover.go:31\nruntime.gopanic\n\t/usr/local/go/src/runtime/panic.go:783\nfiberEE/internal/service/admin/test.(*testService).Detail\n\t/Users/mogenle/GolandProjects/fiberEE/internal/service/admin/test/test.go:24\nfiberEE/internal/router/admin/test.(*TestRouter).detail\n\t/Users/mogenle/GolandProjects/fiberEE/internal/router/admin/test/test.go:44\ngithub.com/gofiber/fiber/v3.(*App).next\n\t/Users/mogenle/go/pkg/mod/github.com/gofiber/fiber/v3@v3.0.0-rc.3/router.go:156\ngithub.com/gofiber/fiber/v3.(*DefaultCtx).Next\n\t/Users/mogenle/go/pkg/mod/github.com/gofiber/fiber/v3@v3.0.0-rc.3/ctx.go:242\ngithub.com/gofiber/fiber/v3/middleware/cors.New.func2\n\t/Users/mogenle/go/pkg/mod/github.com/gofiber/fiber/v3@v3.0.0-rc.3/middleware/cors/cors.go:108\ngithub.com/gofiber/fiber/v3.(*DefaultCtx).Next\n\t/Users/mogenle/go/pkg/mod/github.com/gofiber/fiber/v3@v3.0.0-rc.3/ctx.go:235\ngithub.com/gofiber/fiber/v3/middleware/favicon.New.func2\n\t/Users/mogenle/go/pkg/mod/github.com/gofiber/fiber/v3@v3.0.0-rc.3/middleware/favicon/favicon.go:128\ngithub.com/gofiber/fiber/v3.(*DefaultCtx).Next\n\t/Users/mogenle/go/pkg/mod/github.com/gofiber/fiber/v3@v3.0.0-rc.3/ctx.go:235\ngithub.com/gofiber/fiber/v3/middleware/compress.New.func3\n\t/Users/mogenle/go/pkg/mod/github.com/gofiber/fiber/v3@v3.0.0-rc.3/middleware/compress/compress.go:99\ngithub.com/gofiber/fiber/v3.(*DefaultCtx).Next\n\t/Users/mogenle/go/pkg/mod/github.com/gofiber/fiber/v3@v3.0.0-rc.3/ctx.go:235\ngithub.com/gofiber/fiber/v3/middleware/helmet.New.func1\n\t/Users/mogenle/go/pkg/mod/github.com/gofiber/fiber/v3@v3.0.0-rc.3/middleware/helmet/helmet.go:92\ngithub.com/gofiber/fiber/v3.(*DefaultCtx).Next\n\t/Users/mogenle/go/pkg/mod/github.com/gofiber/fiber/v3@v3.0.0-rc.3/ctx.go:235\nfiberEE/internal/middleware.Use.requestLogger.func3\n\t/Users/mogenle/GolandProjects/fiberEE/internal/middleware/reqLog.go:19\ngithub.com/gofiber/fiber/v3.(*DefaultCtx).Next\n\t/Users/mogenle/go/pkg/mod/github.com/gofiber/fiber/v3@v3.0.0-rc.3/ctx.go:235\nfiberEE/internal/middleware.Use.New.func2\n\t/Users/mogenle/go/pkg/mod/github.com/gofiber/fiber/v3@v3.0.0-rc.3/middleware/requestid/requestid.go:40\ngithub.com/gofiber/fiber/v3.(*DefaultCtx).Next\n\t/Users/mogenle/go/pkg/mod/github.com/gofiber/fiber/v3@v3.0.0-rc.3/ctx.go:235\nfiberEE/internal/middleware.Use.recoverErr.New.func4\n\t/Users/mogenle/go/pkg/mod/github.com/gofiber/fiber/v3@v3.0.0-rc.3/middleware/recover/recover.go:43\ngithub.com/gofiber/fiber/v3.(*App).next\n\t/Users/mogenle/go/pkg/mod/github.com/gofiber/fiber/v3@v3.0.0-rc.3/router.go:156\ngithub.com/gofiber/fiber/v3.(*App).requestHandler\n\t/Users/mogenle/go/pkg/mod/github.com/gofiber/fiber/v3@v3.0.0-rc.3/router.go:332\ngithub.com/valyala/fasthttp.(*Server).serveConn\n\t/Users/mogenle/go/pkg/mod/github.com/valyala/fasthttp@v1.68.0/server.go:2465\ngithub.com/valyala/fasthttp.(*workerPool).workerFunc\n\t/Users/mogenle/go/pkg/mod/github.com/valyala/fasthttp@v1.68.0/workerpool.go:225\ngithub.com/valyala/fasthttp.(*workerPool).getCh.func1\n\t/Users/mogenle/go/pkg/mod/github.com/valyala/fasthttp@v1.68.0/workerpool.go:197"}
{"level":"error","ts":"2025-12-22T14:29:10.087+0800","caller":"middleware/error.go:50","msg":"系统错误","error":"implement me","path":"/admin/v1/test/detail/123","method":"GET","latency":0.001520042,"ip":"127.0.0.1","request_id":"86d6067e-6da6-43c5-a35b-d671aba2f5e4","stacktrace":"fiberEE/internal/server.NewServer.NewErrorHandler.func1\n\t/Users/mogenle/GolandProjects/fiberEE/internal/middleware/error.go:50\ngithub.com/gofiber/fiber/v3.(*App).ErrorHandler\n\t/Users/mogenle/go/pkg/mod/github.com/gofiber/fiber/v3@v3.0.0-rc.3/app.go:1321\ngithub.com/gofiber/fiber/v3.(*App).requestHandler\n\t/Users/mogenle/go/pkg/mod/github.com/gofiber/fiber/v3@v3.0.0-rc.3/router.go:348\ngithub.com/valyala/fasthttp.(*Server).serveConn\n\t/Users/mogenle/go/pkg/mod/github.com/valyala/fasthttp@v1.68.0/server.go:2465\ngithub.com/valyala/fasthttp.(*workerPool).workerFunc\n\t/Users/mogenle/go/pkg/mod/github.com/valyala/fasthttp@v1.68.0/workerpool.go:225\ngithub.com/valyala/fasthttp.(*workerPool).getCh.func1\n\t/Users/mogenle/go/pkg/mod/github.com/valyala/fasthttp@v1.68.0/workerpool.go:197"}
{"level":"error","ts":"2025-12-22T14:29:20.139+0800","caller":"middleware/recover.go:15","msg":"panic recovered","panic":"implement me","path":"/admin/v1/test/detail/id=1","method":"GET","ip":"127.0.0.1","stacktrace":"fiberEE/internal/middleware.Use.recoverErr.func1\n\t/Users/mogenle/GolandProjects/fiberEE/internal/middleware/recover.go:15\nfiberEE/internal/middleware.Use.recoverErr.New.func4.1\n\t/Users/mogenle/go/pkg/mod/github.com/gofiber/fiber/v3@v3.0.0-rc.3/middleware/recover/recover.go:31\nruntime.gopanic\n\t/usr/local/go/src/runtime/panic.go:783\nfiberEE/internal/service/admin/test.(*testService).Detail\n\t/Users/mogenle/GolandProjects/fiberEE/internal/service/admin/test/test.go:24\nfiberEE/internal/router/admin/test.(*TestRouter).detail\n\t/Users/mogenle/GolandProjects/fiberEE/internal/router/admin/test/test.go:44\ngithub.com/gofiber/fiber/v3.(*App).next\n\t/Users/mogenle/go/pkg/mod/github.com/gofiber/fiber/v3@v3.0.0-rc.3/router.go:156\ngithub.com/gofiber/fiber/v3.(*DefaultCtx).Next\n\t/Users/mogenle/go/pkg/mod/github.com/gofiber/fiber/v3@v3.0.0-rc.3/ctx.go:242\ngithub.com/gofiber/fiber/v3/middleware/cors.New.func2\n\t/Users/mogenle/go/pkg/mod/github.com/gofiber/fiber/v3@v3.0.0-rc.3/middleware/cors/cors.go:108\ngithub.com/gofiber/fiber/v3.(*DefaultCtx).Next\n\t/Users/mogenle/go/pkg/mod/github.com/gofiber/fiber/v3@v3.0.0-rc.3/ctx.go:235\ngithub.com/gofiber/fiber/v3/middleware/favicon.New.func2\n\t/Users/mogenle/go/pkg/mod/github.com/gofiber/fiber/v3@v3.0.0-rc.3/middleware/favicon/favicon.go:128\ngithub.com/gofiber/fiber/v3.(*DefaultCtx).Next\n\t/Users/mogenle/go/pkg/mod/github.com/gofiber/fiber/v3@v3.0.0-rc.3/ctx.go:235\ngithub.com/gofiber/fiber/v3/middleware/compress.New.func3\n\t/Users/mogenle/go/pkg/mod/github.com/gofiber/fiber/v3@v3.0.0-rc.3/middleware/compress/compress.go:99\ngithub.com/gofiber/fiber/v3.(*DefaultCtx).Next\n\t/Users/mogenle/go/pkg/mod/github.com/gofiber/fiber/v3@v3.0.0-rc.3/ctx.go:235\ngithub.com/gofiber/fiber/v3/middleware/helmet.New.func1\n\t/Users/mogenle/go/pkg/mod/github.com/gofiber/fiber/v3@v3.0.0-rc.3/middleware/helmet/helmet.go:92\ngithub.com/gofiber/fiber/v3.(*DefaultCtx).Next\n\t/Users/mogenle/go/pkg/mod/github.com/gofiber/fiber/v3@v3.0.0-rc.3/ctx.go:235\nfiberEE/internal/middleware.Use.requestLogger.func3\n\t/Users/mogenle/GolandProjects/fiberEE/internal/middleware/reqLog.go:19\ngithub.com/gofiber/fiber/v3.(*DefaultCtx).Next\n\t/Users/mogenle/go/pkg/mod/github.com/gofiber/fiber/v3@v3.0.0-rc.3/ctx.go:235\nfiberEE/internal/middleware.Use.New.func2\n\t/Users/mogenle/go/pkg/mod/github.com/gofiber/fiber/v3@v3.0.0-rc.3/middleware/requestid/requestid.go:40\ngithub.com/gofiber/fiber/v3.(*DefaultCtx).Next\n\t/Users/mogenle/go/pkg/mod/github.com/gofiber/fiber/v3@v3.0.0-rc.3/ctx.go:235\nfiberEE/internal/middleware.Use.recoverErr.New.func4\n\t/Users/mogenle/go/pkg/mod/github.com/gofiber/fiber/v3@v3.0.0-rc.3/middleware/recover/recover.go:43\ngithub.com/gofiber/fiber/v3.(*App).next\n\t/Users/mogenle/go/pkg/mod/github.com/gofiber/fiber/v3@v3.0.0-rc.3/router.go:156\ngithub.com/gofiber/fiber/v3.(*App).requestHandler\n\t/Users/mogenle/go/pkg/mod/github.com/gofiber/fiber/v3@v3.0.0-rc.3/router.go:332\ngithub.com/valyala/fasthttp.(*Server).serveConn\n\t/Users/mogenle/go/pkg/mod/github.com/valyala/fasthttp@v1.68.0/server.go:2465\ngithub.com/valyala/fasthttp.(*workerPool).workerFunc\n\t/Users/mogenle/go/pkg/mod/github.com/valyala/fasthttp@v1.68.0/workerpool.go:225\ngithub.com/valyala/fasthttp.(*workerPool).getCh.func1\n\t/Users/mogenle/go/pkg/mod/github.com/valyala/fasthttp@v1.68.0/workerpool.go:197"}
{"level":"error","ts":"2025-12-22T14:29:20.139+0800","caller":"middleware/error.go:50","msg":"系统错误","error":"implement me","path":"/admin/v1/test/detail/id=1","method":"GET","latency":0.000357416,"ip":"127.0.0.1","request_id":"76135829-e192-4ef6-8b0a-231fdd61a605","stacktrace":"fiberEE/internal/server.NewServer.NewErrorHandler.func1\n\t/Users/mogenle/GolandProjects/fiberEE/internal/middleware/error.go:50\ngithub.com/gofiber/fiber/v3.(*App).ErrorHandler\n\t/Users/mogenle/go/pkg/mod/github.com/gofiber/fiber/v3@v3.0.0-rc.3/app.go:1321\ngithub.com/gofiber/fiber/v3.(*App).requestHandler\n\t/Users/mogenle/go/pkg/mod/github.com/gofiber/fiber/v3@v3.0.0-rc.3/router.go:348\ngithub.com/valyala/fasthttp.(*Server).serveConn\n\t/Users/mogenle/go/pkg/mod/github.com/valyala/fasthttp@v1.68.0/server.go:2465\ngithub.com/valyala/fasthttp.(*workerPool).workerFunc\n\t/Users/mogenle/go/pkg/mod/github.com/valyala/fasthttp@v1.68.0/workerpool.go:225\ngithub.com/valyala/fasthttp.(*workerPool).getCh.func1\n\t/Users/mogenle/go/pkg/mod/github.com/valyala/fasthttp@v1.68.0/workerpool.go:197"}
{"level":"info","ts":"2025-12-22T14:29:47.995+0800","caller":"server/main.go:79","msg":"收到关闭信号","signal":"interrupt"}
{"level":"info","ts":"2025-12-22T14:29:48.099+0800","caller":"server/server.go:78","msg":"HTTP 服务已关闭"}
{"level":"info","ts":"2025-12-22T14:29:48.099+0800","caller":"server/server.go:87","msg":"Redis 连接已关闭"}
{"level":"info","ts":"2025-12-22T14:29:48.100+0800","caller":"server/server.go:99","msg":"数据库连接已关闭"}
{"level":"info","ts":"2025-12-22T14:29:48.100+0800","caller":"server/main.go:96","msg":"服务器已优雅关闭"}
{"level":"info","ts":"2025-12-22T14:29:52.099+0800","caller":"bootstrap/logger.go:73","msg":"日志模块初始化成功","level":"debug","format":"json"}
{"level":"info","ts":"2025-12-22T14:29:52.103+0800","caller":"bootstrap/redis.go:34","msg":"Redis 连接成功"}
{"level":"info","ts":"2025-12-22T14:29:52.106+0800","caller":"bootstrap/database.go:80","msg":"数据库初始化成功","driver":"sqlite","prefix":"la_"}
{"level":"info","ts":"2025-12-22T14:29:52.172+0800","caller":"bootstrap/casbin.go:34","msg":"Casbin 初始化成功","model":"./config/rbac_model.conf"}
{"level":"info","ts":"2025-12-22T14:29:52.172+0800","caller":"server/server.go:64","msg":"正在启动服务器","port":":8080"}
{"level":"error","ts":"2025-12-22T14:29:55.451+0800","caller":"middleware/recover.go:15","msg":"panic recovered","panic":"implement me","path":"/admin/v1/test/detail/id=1","method":"GET","ip":"127.0.0.1","stacktrace":"fiberEE/internal/middleware.Use.recoverErr.func1\n\t/Users/mogenle/GolandProjects/fiberEE/internal/middleware/recover.go:15\nfiberEE/internal/middleware.Use.recoverErr.New.func4.1\n\t/Users/mogenle/go/pkg/mod/github.com/gofiber/fiber/v3@v3.0.0-rc.3/middleware/recover/recover.go:31\nruntime.gopanic\n\t/usr/local/go/src/runtime/panic.go:783\nfiberEE/internal/service/admin/test.(*testService).Detail\n\t/Users/mogenle/GolandProjects/fiberEE/internal/service/admin/test/test.go:24\nfiberEE/internal/router/admin/test.(*TestRouter).detail\n\t/Users/mogenle/GolandProjects/fiberEE/internal/router/admin/test/test.go:46\ngithub.com/gofiber/fiber/v3.(*App).next\n\t/Users/mogenle/go/pkg/mod/github.com/gofiber/fiber/v3@v3.0.0-rc.3/router.go:156\ngithub.com/gofiber/fiber/v3.(*DefaultCtx).Next\n\t/Users/mogenle/go/pkg/mod/github.com/gofiber/fiber/v3@v3.0.0-rc.3/ctx.go:242\ngithub.com/gofiber/fiber/v3/middleware/cors.New.func2\n\t/Users/mogenle/go/pkg/mod/github.com/gofiber/fiber/v3@v3.0.0-rc.3/middleware/cors/cors.go:108\ngithub.com/gofiber/fiber/v3.(*DefaultCtx).Next\n\t/Users/mogenle/go/pkg/mod/github.com/gofiber/fiber/v3@v3.0.0-rc.3/ctx.go:235\ngithub.com/gofiber/fiber/v3/middleware/favicon.New.func2\n\t/Users/mogenle/go/pkg/mod/github.com/gofiber/fiber/v3@v3.0.0-rc.3/middleware/favicon/favicon.go:128\ngithub.com/gofiber/fiber/v3.(*DefaultCtx).Next\n\t/Users/mogenle/go/pkg/mod/github.com/gofiber/fiber/v3@v3.0.0-rc.3/ctx.go:235\ngithub.com/gofiber/fiber/v3/middleware/compress.New.func3\n\t/Users/mogenle/go/pkg/mod/github.com/gofiber/fiber/v3@v3.0.0-rc.3/middleware/compress/compress.go:99\ngithub.com/gofiber/fiber/v3.(*DefaultCtx).Next\n\t/Users/mogenle/go/pkg/mod/github.com/gofiber/fiber/v3@v3.0.0-rc.3/ctx.go:235\ngithub.com/gofiber/fiber/v3/middleware/helmet.New.func1\n\t/Users/mogenle/go/pkg/mod/github.com/gofiber/fiber/v3@v3.0.0-rc.3/middleware/helmet/helmet.go:92\ngithub.com/gofiber/fiber/v3.(*DefaultCtx).Next\n\t/Users/mogenle/go/pkg/mod/github.com/gofiber/fiber/v3@v3.0.0-rc.3/ctx.go:235\nfiberEE/internal/middleware.Use.requestLogger.func3\n\t/Users/mogenle/GolandProjects/fiberEE/internal/middleware/reqLog.go:19\ngithub.com/gofiber/fiber/v3.(*DefaultCtx).Next\n\t/Users/mogenle/go/pkg/mod/github.com/gofiber/fiber/v3@v3.0.0-rc.3/ctx.go:235\nfiberEE/internal/middleware.Use.New.func2\n\t/Users/mogenle/go/pkg/mod/github.com/gofiber/fiber/v3@v3.0.0-rc.3/middleware/requestid/requestid.go:40\ngithub.com/gofiber/fiber/v3.(*DefaultCtx).Next\n\t/Users/mogenle/go/pkg/mod/github.com/gofiber/fiber/v3@v3.0.0-rc.3/ctx.go:235\nfiberEE/internal/middleware.Use.recoverErr.New.func4\n\t/Users/mogenle/go/pkg/mod/github.com/gofiber/fiber/v3@v3.0.0-rc.3/middleware/recover/recover.go:43\ngithub.com/gofiber/fiber/v3.(*App).next\n\t/Users/mogenle/go/pkg/mod/github.com/gofiber/fiber/v3@v3.0.0-rc.3/router.go:156\ngithub.com/gofiber/fiber/v3.(*App).requestHandler\n\t/Users/mogenle/go/pkg/mod/github.com/gofiber/fiber/v3@v3.0.0-rc.3/router.go:332\ngithub.com/valyala/fasthttp.(*Server).serveConn\n\t/Users/mogenle/go/pkg/mod/github.com/valyala/fasthttp@v1.68.0/server.go:2465\ngithub.com/valyala/fasthttp.(*workerPool).workerFunc\n\t/Users/mogenle/go/pkg/mod/github.com/valyala/fasthttp@v1.68.0/workerpool.go:225\ngithub.com/valyala/fasthttp.(*workerPool).getCh.func1\n\t/Users/mogenle/go/pkg/mod/github.com/valyala/fasthttp@v1.68.0/workerpool.go:197"}
{"level":"error","ts":"2025-12-22T14:29:55.452+0800","caller":"middleware/error.go:50","msg":"系统错误","error":"implement me","path":"/admin/v1/test/detail/id=1","method":"GET","latency":0.00046175,"ip":"127.0.0.1","request_id":"e0b566c1-6b08-4167-a078-c313b6854554","stacktrace":"fiberEE/internal/server.NewServer.NewErrorHandler.func1\n\t/Users/mogenle/GolandProjects/fiberEE/internal/middleware/error.go:50\ngithub.com/gofiber/fiber/v3.(*App).ErrorHandler\n\t/Users/mogenle/go/pkg/mod/github.com/gofiber/fiber/v3@v3.0.0-rc.3/app.go:1321\ngithub.com/gofiber/fiber/v3.(*App).requestHandler\n\t/Users/mogenle/go/pkg/mod/github.com/gofiber/fiber/v3@v3.0.0-rc.3/router.go:348\ngithub.com/valyala/fasthttp.(*Server).serveConn\n\t/Users/mogenle/go/pkg/mod/github.com/valyala/fasthttp@v1.68.0/server.go:2465\ngithub.com/valyala/fasthttp.(*workerPool).workerFunc\n\t/Users/mogenle/go/pkg/mod/github.com/valyala/fasthttp@v1.68.0/workerpool.go:225\ngithub.com/valyala/fasthttp.(*workerPool).getCh.func1\n\t/Users/mogenle/go/pkg/mod/github.com/valyala/fasthttp@v1.68.0/workerpool.go:197"}
{"level":"error","ts":"2025-12-22T14:30:22.323+0800","caller":"middleware/error.go:50","msg":"系统错误","error":"Not Found","path":"/admin/v1/test/detail","method":"GET","latency":0.000016791,"ip":"127.0.0.1","request_id":"9ad54e13-bbc0-46f4-a7d0-faadeb689931","stacktrace":"fiberEE/internal/server.NewServer.NewErrorHandler.func1\n\t/Users/mogenle/GolandProjects/fiberEE/internal/middleware/error.go:50\ngithub.com/gofiber/fiber/v3.(*App).ErrorHandler\n\t/Users/mogenle/go/pkg/mod/github.com/gofiber/fiber/v3@v3.0.0-rc.3/app.go:1321\ngithub.com/gofiber/fiber/v3.(*App).requestHandler\n\t/Users/mogenle/go/pkg/mod/github.com/gofiber/fiber/v3@v3.0.0-rc.3/router.go:348\ngithub.com/valyala/fasthttp.(*Server).serveConn\n\t/Users/mogenle/go/pkg/mod/github.com/valyala/fasthttp@v1.68.0/server.go:2465\ngithub.com/valyala/fasthttp.(*workerPool).workerFunc\n\t/Users/mogenle/go/pkg/mod/github.com/valyala/fasthttp@v1.68.0/workerpool.go:225\ngithub.com/valyala/fasthttp.(*workerPool).getCh.func1\n\t/Users/mogenle/go/pkg/mod/github.com/valyala/fasthttp@v1.68.0/workerpool.go:197"}
{"level":"error","ts":"2025-12-22T14:30:23.781+0800","caller":"middleware/error.go:50","msg":"系统错误","error":"Not Found","path":"/admin/v1/test/detail","method":"GET","latency":0.000011458,"ip":"127.0.0.1","request_id":"3558c07f-2c4e-40fc-b05a-039c4ad5743f","stacktrace":"fiberEE/internal/server.NewServer.NewErrorHandler.func1\n\t/Users/mogenle/GolandProjects/fiberEE/internal/middleware/error.go:50\ngithub.com/gofiber/fiber/v3.(*App).ErrorHandler\n\t/Users/mogenle/go/pkg/mod/github.com/gofiber/fiber/v3@v3.0.0-rc.3/app.go:1321\ngithub.com/gofiber/fiber/v3.(*App).requestHandler\n\t/Users/mogenle/go/pkg/mod/github.com/gofiber/fiber/v3@v3.0.0-rc.3/router.go:348\ngithub.com/valyala/fasthttp.(*Server).serveConn\n\t/Users/mogenle/go/pkg/mod/github.com/valyala/fasthttp@v1.68.0/server.go:2465\ngithub.com/valyala/fasthttp.(*workerPool).workerFunc\n\t/Users/mogenle/go/pkg/mod/github.com/valyala/fasthttp@v1.68.0/workerpool.go:225\ngithub.com/valyala/fasthttp.(*workerPool).getCh.func1\n\t/Users/mogenle/go/pkg/mod/github.com/valyala/fasthttp@v1.68.0/workerpool.go:197"}
{"level":"info","ts":"2025-12-22T14:31:01.242+0800","caller":"server/main.go:79","msg":"收到关闭信号","signal":"interrupt"}
{"level":"info","ts":"2025-12-22T14:31:01.343+0800","caller":"server/server.go:78","msg":"HTTP 服务已关闭"}
{"level":"info","ts":"2025-12-22T14:31:01.344+0800","caller":"server/server.go:87","msg":"Redis 连接已关闭"}
{"level":"info","ts":"2025-12-22T14:31:01.344+0800","caller":"server/server.go:99","msg":"数据库连接已关闭"}
{"level":"info","ts":"2025-12-22T14:31:01.344+0800","caller":"server/main.go:96","msg":"服务器已优雅关闭"}
{"level":"info","ts":"2025-12-22T14:31:05.514+0800","caller":"bootstrap/logger.go:73","msg":"日志模块初始化成功","level":"debug","format":"json"}
{"level":"info","ts":"2025-12-22T14:31:05.518+0800","caller":"bootstrap/redis.go:34","msg":"Redis 连接成功"}
{"level":"info","ts":"2025-12-22T14:31:05.521+0800","caller":"bootstrap/database.go:80","msg":"数据库初始化成功","driver":"sqlite","prefix":"la_"}
{"level":"info","ts":"2025-12-22T14:31:05.589+0800","caller":"bootstrap/casbin.go:34","msg":"Casbin 初始化成功","model":"./config/rbac_model.conf"}
{"level":"info","ts":"2025-12-22T14:31:05.589+0800","caller":"server/server.go:64","msg":"正在启动服务器","port":":8080"}
{"level":"error","ts":"2025-12-22T14:31:07.982+0800","caller":"middleware/recover.go:15","msg":"panic recovered","panic":"implement me","path":"/admin/v1/test/detail","method":"GET","ip":"127.0.0.1","stacktrace":"fiberEE/internal/middleware.Use.recoverErr.func1\n\t/Users/mogenle/GolandProjects/fiberEE/internal/middleware/recover.go:15\nfiberEE/internal/middleware.Use.recoverErr.New.func4.1\n\t/Users/mogenle/go/pkg/mod/github.com/gofiber/fiber/v3@v3.0.0-rc.3/middleware/recover/recover.go:31\nruntime.gopanic\n\t/usr/local/go/src/runtime/panic.go:783\nfiberEE/internal/service/admin/test.(*testService).Detail\n\t/Users/mogenle/GolandProjects/fiberEE/internal/service/admin/test/test.go:24\nfiberEE/internal/router/admin/test.(*TestRouter).detail\n\t/Users/mogenle/GolandProjects/fiberEE/internal/router/admin/test/test.go:48\ngithub.com/gofiber/fiber/v3.(*App).next\n\t/Users/mogenle/go/pkg/mod/github.com/gofiber/fiber/v3@v3.0.0-rc.3/router.go:156\ngithub.com/gofiber/fiber/v3.(*DefaultCtx).Next\n\t/Users/mogenle/go/pkg/mod/github.com/gofiber/fiber/v3@v3.0.0-rc.3/ctx.go:242\ngithub.com/gofiber/fiber/v3/middleware/cors.New.func2\n\t/Users/mogenle/go/pkg/mod/github.com/gofiber/fiber/v3@v3.0.0-rc.3/middleware/cors/cors.go:108\ngithub.com/gofiber/fiber/v3.(*DefaultCtx).Next\n\t/Users/mogenle/go/pkg/mod/github.com/gofiber/fiber/v3@v3.0.0-rc.3/ctx.go:235\ngithub.com/gofiber/fiber/v3/middleware/favicon.New.func2\n\t/Users/mogenle/go/pkg/mod/github.com/gofiber/fiber/v3@v3.0.0-rc.3/middleware/favicon/favicon.go:128\ngithub.com/gofiber/fiber/v3.(*DefaultCtx).Next\n\t/Users/mogenle/go/pkg/mod/github.com/gofiber/fiber/v3@v3.0.0-rc.3/ctx.go:235\ngithub.com/gofiber/fiber/v3/middleware/compress.New.func3\n\t/Users/mogenle/go/pkg/mod/github.com/gofiber/fiber/v3@v3.0.0-rc.3/middleware/compress/compress.go:99\ngithub.com/gofiber/fiber/v3.(*DefaultCtx).Next\n\t/Users/mogenle/go/pkg/mod/github.com/gofiber/fiber/v3@v3.0.0-rc.3/ctx.go:235\ngithub.com/gofiber/fiber/v3/middleware/helmet.New.func1\n\t/Users/mogenle/go/pkg/mod/github.com/gofiber/fiber/v3@v3.0.0-rc.3/middleware/helmet/helmet.go:92\ngithub.com/gofiber/fiber/v3.(*DefaultCtx).Next\n\t/Users/mogenle/go/pkg/mod/github.com/gofiber/fiber/v3@v3.0.0-rc.3/ctx.go:235\nfiberEE/internal/middleware.Use.requestLogger.func3\n\t/Users/mogenle/GolandProjects/fiberEE/internal/middleware/reqLog.go:19\ngithub.com/gofiber/fiber/v3.(*DefaultCtx).Next\n\t/Users/mogenle/go/pkg/mod/github.com/gofiber/fiber/v3@v3.0.0-rc.3/ctx.go:235\nfiberEE/internal/middleware.Use.New.func2\n\t/Users/mogenle/go/pkg/mod/github.com/gofiber/fiber/v3@v3.0.0-rc.3/middleware/requestid/requestid.go:40\ngithub.com/gofiber/fiber/v3.(*DefaultCtx).Next\n\t/Users/mogenle/go/pkg/mod/github.com/gofiber/fiber/v3@v3.0.0-rc.3/ctx.go:235\nfiberEE/internal/middleware.Use.recoverErr.New.func4\n\t/Users/mogenle/go/pkg/mod/github.com/gofiber/fiber/v3@v3.0.0-rc.3/middleware/recover/recover.go:43\ngithub.com/gofiber/fiber/v3.(*App).next\n\t/Users/mogenle/go/pkg/mod/github.com/gofiber/fiber/v3@v3.0.0-rc.3/router.go:156\ngithub.com/gofiber/fiber/v3.(*App).requestHandler\n\t/Users/mogenle/go/pkg/mod/github.com/gofiber/fiber/v3@v3.0.0-rc.3/router.go:332\ngithub.com/valyala/fasthttp.(*Server).serveConn\n\t/Users/mogenle/go/pkg/mod/github.com/valyala/fasthttp@v1.68.0/server.go:2465\ngithub.com/valyala/fasthttp.(*workerPool).workerFunc\n\t/Users/mogenle/go/pkg/mod/github.com/valyala/fasthttp@v1.68.0/workerpool.go:225\ngithub.com/valyala/fasthttp.(*workerPool).getCh.func1\n\t/Users/mogenle/go/pkg/mod/github.com/valyala/fasthttp@v1.68.0/workerpool.go:197"}
{"level":"error","ts":"2025-12-22T14:31:07.984+0800","caller":"middleware/error.go:50","msg":"系统错误","error":"implement me","path":"/admin/v1/test/detail","method":"GET","latency":0.002009709,"ip":"127.0.0.1","request_id":"167f9ec2-50dc-428f-9f9f-cdf36835dfd6","stacktrace":"fiberEE/internal/server.NewServer.NewErrorHandler.func1\n\t/Users/mogenle/GolandProjects/fiberEE/internal/middleware/error.go:50\ngithub.com/gofiber/fiber/v3.(*App).ErrorHandler\n\t/Users/mogenle/go/pkg/mod/github.com/gofiber/fiber/v3@v3.0.0-rc.3/app.go:1321\ngithub.com/gofiber/fiber/v3.(*App).requestHandler\n\t/Users/mogenle/go/pkg/mod/github.com/gofiber/fiber/v3@v3.0.0-rc.3/router.go:348\ngithub.com/valyala/fasthttp.(*Server).serveConn\n\t/Users/mogenle/go/pkg/mod/github.com/valyala/fasthttp@v1.68.0/server.go:2465\ngithub.com/valyala/fasthttp.(*workerPool).workerFunc\n\t/Users/mogenle/go/pkg/mod/github.com/valyala/fasthttp@v1.68.0/workerpool.go:225\ngithub.com/valyala/fasthttp.(*workerPool).getCh.func1\n\t/Users/mogenle/go/pkg/mod/github.com/valyala/fasthttp@v1.68.0/workerpool.go:197"}
{"level":"info","ts":"2025-12-22T14:31:13.507+0800","caller":"server/main.go:79","msg":"收到关闭信号","signal":"interrupt"}
{"level":"info","ts":"2025-12-22T14:31:13.609+0800","caller":"server/server.go:78","msg":"HTTP 服务已关闭"}
{"level":"info","ts":"2025-12-22T14:31:13.609+0800","caller":"server/server.go:87","msg":"Redis 连接已关闭"}
{"level":"info","ts":"2025-12-22T14:31:13.609+0800","caller":"server/server.go:99","msg":"数据库连接已关闭"}
{"level":"info","ts":"2025-12-22T14:31:13.609+0800","caller":"server/main.go:96","msg":"服务器已优雅关闭"}
{"level":"info","ts":"2025-12-22T14:31:17.151+0800","caller":"bootstrap/logger.go:73","msg":"日志模块初始化成功","level":"debug","format":"json"}
{"level":"info","ts":"2025-12-22T14:31:17.155+0800","caller":"bootstrap/redis.go:34","msg":"Redis 连接成功"}
{"level":"info","ts":"2025-12-22T14:31:17.158+0800","caller":"bootstrap/database.go:80","msg":"数据库初始化成功","driver":"sqlite","prefix":"la_"}
{"level":"info","ts":"2025-12-22T14:31:17.220+0800","caller":"bootstrap/casbin.go:34","msg":"Casbin 初始化成功","model":"./config/rbac_model.conf"}
{"level":"info","ts":"2025-12-22T14:31:17.220+0800","caller":"server/server.go:64","msg":"正在启动服务器","port":":8080"}
{"level":"error","ts":"2025-12-22T14:31:19.006+0800","caller":"middleware/recover.go:15","msg":"panic recovered","panic":"implement me","path":"/admin/v1/test/detail","method":"GET","ip":"127.0.0.1","stacktrace":"fiberEE/internal/middleware.Use.recoverErr.func1\n\t/Users/mogenle/GolandProjects/fiberEE/internal/middleware/recover.go:15\nfiberEE/internal/middleware.Use.recoverErr.New.func4.1\n\t/Users/mogenle/go/pkg/mod/github.com/gofiber/fiber/v3@v3.0.0-rc.3/middleware/recover/recover.go:31\nruntime.gopanic\n\t/usr/local/go/src/runtime/panic.go:783\nfiberEE/internal/service/admin/test.(*testService).Detail\n\t/Users/mogenle/GolandProjects/fiberEE/internal/service/admin/test/test.go:24\nfiberEE/internal/router/admin/test.(*TestRouter).detail\n\t/Users/mogenle/GolandProjects/fiberEE/internal/router/admin/test/test.go:48\ngithub.com/gofiber/fiber/v3.(*App).next\n\t/Users/mogenle/go/pkg/mod/github.com/gofiber/fiber/v3@v3.0.0-rc.3/router.go:156\ngithub.com/gofiber/fiber/v3.(*DefaultCtx).Next\n\t/Users/mogenle/go/pkg/mod/github.com/gofiber/fiber/v3@v3.0.0-rc.3/ctx.go:242\ngithub.com/gofiber/fiber/v3/middleware/cors.New.func2\n\t/Users/mogenle/go/pkg/mod/github.com/gofiber/fiber/v3@v3.0.0-rc.3/middleware/cors/cors.go:108\ngithub.com/gofiber/fiber/v3.(*DefaultCtx).Next\n\t/Users/mogenle/go/pkg/mod/github.com/gofiber/fiber/v3@v3.0.0-rc.3/ctx.go:235\ngithub.com/gofiber/fiber/v3/middleware/favicon.New.func2\n\t/Users/mogenle/go/pkg/mod/github.com/gofiber/fiber/v3@v3.0.0-rc.3/middleware/favicon/favicon.go:128\ngithub.com/gofiber/fiber/v3.(*DefaultCtx).Next\n\t/Users/mogenle/go/pkg/mod/github.com/gofiber/fiber/v3@v3.0.0-rc.3/ctx.go:235\ngithub.com/gofiber/fiber/v3/middleware/compress.New.func3\n\t/Users/mogenle/go/pkg/mod/github.com/gofiber/fiber/v3@v3.0.0-rc.3/middleware/compress/compress.go:99\ngithub.com/gofiber/fiber/v3.(*DefaultCtx).Next\n\t/Users/mogenle/go/pkg/mod/github.com/gofiber/fiber/v3@v3.0.0-rc.3/ctx.go:235\ngithub.com/gofiber/fiber/v3/middleware/helmet.New.func1\n\t/Users/mogenle/go/pkg/mod/github.com/gofiber/fiber/v3@v3.0.0-rc.3/middleware/helmet/helmet.go:92\ngithub.com/gofiber/fiber/v3.(*DefaultCtx).Next\n\t/Users/mogenle/go/pkg/mod/github.com/gofiber/fiber/v3@v3.0.0-rc.3/ctx.go:235\nfiberEE/internal/middleware.Use.requestLogger.func3\n\t/Users/mogenle/GolandProjects/fiberEE/internal/middleware/reqLog.go:19\ngithub.com/gofiber/fiber/v3.(*DefaultCtx).Next\n\t/Users/mogenle/go/pkg/mod/github.com/gofiber/fiber/v3@v3.0.0-rc.3/ctx.go:235\nfiberEE/internal/middleware.Use.New.func2\n\t/Users/mogenle/go/pkg/mod/github.com/gofiber/fiber/v3@v3.0.0-rc.3/middleware/requestid/requestid.go:40\ngithub.com/gofiber/fiber/v3.(*DefaultCtx).Next\n\t/Users/mogenle/go/pkg/mod/github.com/gofiber/fiber/v3@v3.0.0-rc.3/ctx.go:235\nfiberEE/internal/middleware.Use.recoverErr.New.func4\n\t/Users/mogenle/go/pkg/mod/github.com/gofiber/fiber/v3@v3.0.0-rc.3/middleware/recover/recover.go:43\ngithub.com/gofiber/fiber/v3.(*App).next\n\t/Users/mogenle/go/pkg/mod/github.com/gofiber/fiber/v3@v3.0.0-rc.3/router.go:156\ngithub.com/gofiber/fiber/v3.(*App).requestHandler\n\t/Users/mogenle/go/pkg/mod/github.com/gofiber/fiber/v3@v3.0.0-rc.3/router.go:332\ngithub.com/valyala/fasthttp.(*Server).serveConn\n\t/Users/mogenle/go/pkg/mod/github.com/valyala/fasthttp@v1.68.0/server.go:2465\ngithub.com/valyala/fasthttp.(*workerPool).workerFunc\n\t/Users/mogenle/go/pkg/mod/github.com/valyala/fasthttp@v1.68.0/workerpool.go:225\ngithub.com/valyala/fasthttp.(*workerPool).getCh.func1\n\t/Users/mogenle/go/pkg/mod/github.com/valyala/fasthttp@v1.68.0/workerpool.go:197"}
{"level":"error","ts":"2025-12-22T14:31:19.006+0800","caller":"middleware/error.go:50","msg":"系统错误","error":"implement me","path":"/admin/v1/test/detail","method":"GET","latency":0.000486542,"ip":"127.0.0.1","request_id":"924240a1-934b-4ab7-9c12-b35f44b9840a","stacktrace":"fiberEE/internal/server.NewServer.NewErrorHandler.func1\n\t/Users/mogenle/GolandProjects/fiberEE/internal/middleware/error.go:50\ngithub.com/gofiber/fiber/v3.(*App).ErrorHandler\n\t/Users/mogenle/go/pkg/mod/github.com/gofiber/fiber/v3@v3.0.0-rc.3/app.go:1321\ngithub.com/gofiber/fiber/v3.(*App).requestHandler\n\t/Users/mogenle/go/pkg/mod/github.com/gofiber/fiber/v3@v3.0.0-rc.3/router.go:348\ngithub.com/valyala/fasthttp.(*Server).serveConn\n\t/Users/mogenle/go/pkg/mod/github.com/valyala/fasthttp@v1.68.0/server.go:2465\ngithub.com/valyala/fasthttp.(*workerPool).workerFunc\n\t/Users/mogenle/go/pkg/mod/github.com/valyala/fasthttp@v1.68.0/workerpool.go:225\ngithub.com/valyala/fasthttp.(*workerPool).getCh.func1\n\t/Users/mogenle/go/pkg/mod/github.com/valyala/fasthttp@v1.68.0/workerpool.go:197"}
{"level":"info","ts":"2025-12-22T14:32:42.595+0800","caller":"server/main.go:79","msg":"收到关闭信号","signal":"interrupt"}
{"level":"info","ts":"2025-12-22T14:32:42.697+0800","caller":"server/server.go:78","msg":"HTTP 服务已关闭"}
{"level":"info","ts":"2025-12-22T14:32:42.697+0800","caller":"server/server.go:87","msg":"Redis 连接已关闭"}
{"level":"info","ts":"2025-12-22T14:32:42.698+0800","caller":"server/server.go:99","msg":"数据库连接已关闭"}
{"level":"info","ts":"2025-12-22T14:32:42.698+0800","caller":"server/main.go:96","msg":"服务器已优雅关闭"}
{"level":"info","ts":"2025-12-22T14:32:46.889+0800","caller":"bootstrap/logger.go:73","msg":"日志模块初始化成功","level":"debug","format":"json"}
{"level":"info","ts":"2025-12-22T14:32:46.893+0800","caller":"bootstrap/redis.go:34","msg":"Redis 连接成功"}
{"level":"info","ts":"2025-12-22T14:32:46.898+0800","caller":"bootstrap/database.go:80","msg":"数据库初始化成功","driver":"sqlite","prefix":"la_"}
{"level":"info","ts":"2025-12-22T14:32:46.971+0800","caller":"bootstrap/casbin.go:34","msg":"Casbin 初始化成功","model":"./config/rbac_model.conf"}
{"level":"info","ts":"2025-12-22T14:32:46.971+0800","caller":"server/server.go:64","msg":"正在启动服务器","port":":8080"}
{"level":"warn","ts":"2025-12-22T14:32:48.918+0800","caller":"middleware/error.go:37","msg":"业务错误","code":2001,"msg":"参数校验错误","path":"/admin/v1/test/detail","method":"GET","latency":0.000396042,"ip":"127.0.0.1","request_id":"93a430b0-f38e-4d33-a8e6-022a16e6baaa"}
{"level":"info","ts":"2025-12-22T14:35:04.451+0800","caller":"server/main.go:79","msg":"收到关闭信号","signal":"interrupt"}
{"level":"info","ts":"2025-12-22T14:35:04.554+0800","caller":"server/server.go:78","msg":"HTTP 服务已关闭"}
{"level":"info","ts":"2025-12-22T14:35:04.554+0800","caller":"server/server.go:87","msg":"Redis 连接已关闭"}
{"level":"info","ts":"2025-12-22T14:35:04.554+0800","caller":"server/server.go:99","msg":"数据库连接已关闭"}
{"level":"info","ts":"2025-12-22T14:35:04.554+0800","caller":"server/main.go:96","msg":"服务器已优雅关闭"}
{"level":"info","ts":"2025-12-22T14:35:08.816+0800","caller":"bootstrap/logger.go:73","msg":"日志模块初始化成功","level":"debug","format":"json"}
{"level":"info","ts":"2025-12-22T14:35:08.821+0800","caller":"bootstrap/redis.go:34","msg":"Redis 连接成功"}
{"level":"info","ts":"2025-12-22T14:35:08.824+0800","caller":"bootstrap/database.go:80","msg":"数据库初始化成功","driver":"sqlite","prefix":"la_"}
{"level":"info","ts":"2025-12-22T14:35:08.888+0800","caller":"bootstrap/casbin.go:34","msg":"Casbin 初始化成功","model":"./config/rbac_model.conf"}
{"level":"info","ts":"2025-12-22T14:35:08.888+0800","caller":"server/server.go:64","msg":"正在启动服务器","port":":8080"}
{"level":"error","ts":"2025-12-22T14:35:10.406+0800","caller":"middleware/recover.go:15","msg":"panic recovered","panic":"implement me","path":"/admin/v1/test/detail","method":"GET","ip":"127.0.0.1","stacktrace":"fiberEE/internal/middleware.Use.recoverErr.func1\n\t/Users/mogenle/GolandProjects/fiberEE/internal/middleware/recover.go:15\nfiberEE/internal/middleware.Use.recoverErr.New.func4.1\n\t/Users/mogenle/go/pkg/mod/github.com/gofiber/fiber/v3@v3.0.0-rc.3/middleware/recover/recover.go:31\nruntime.gopanic\n\t/usr/local/go/src/runtime/panic.go:783\nfiberEE/internal/service/admin/test.(*testService).Detail\n\t/Users/mogenle/GolandProjects/fiberEE/internal/service/admin/test/test.go:24\nfiberEE/internal/router/admin/test.(*TestRouter).detail\n\t/Users/mogenle/GolandProjects/fiberEE/internal/router/admin/test/test.go:53\ngithub.com/gofiber/fiber/v3.(*App).next\n\t/Users/mogenle/go/pkg/mod/github.com/gofiber/fiber/v3@v3.0.0-rc.3/router.go:156\ngithub.com/gofiber/fiber/v3.(*DefaultCtx).Next\n\t/Users/mogenle/go/pkg/mod/github.com/gofiber/fiber/v3@v3.0.0-rc.3/ctx.go:242\ngithub.com/gofiber/fiber/v3/middleware/cors.New.func2\n\t/Users/mogenle/go/pkg/mod/github.com/gofiber/fiber/v3@v3.0.0-rc.3/middleware/cors/cors.go:108\ngithub.com/gofiber/fiber/v3.(*DefaultCtx).Next\n\t/Users/mogenle/go/pkg/mod/github.com/gofiber/fiber/v3@v3.0.0-rc.3/ctx.go:235\ngithub.com/gofiber/fiber/v3/middleware/favicon.New.func2\n\t/Users/mogenle/go/pkg/mod/github.com/gofiber/fiber/v3@v3.0.0-rc.3/middleware/favicon/favicon.go:128\ngithub.com/gofiber/fiber/v3.(*DefaultCtx).Next\n\t/Users/mogenle/go/pkg/mod/github.com/gofiber/fiber/v3@v3.0.0-rc.3/ctx.go:235\ngithub.com/gofiber/fiber/v3/middleware/compress.New.func3\n\t/Users/mogenle/go/pkg/mod/github.com/gofiber/fiber/v3@v3.0.0-rc.3/middleware/compress/compress.go:99\ngithub.com/gofiber/fiber/v3.(*DefaultCtx).Next\n\t/Users/mogenle/go/pkg/mod/github.com/gofiber/fiber/v3@v3.0.0-rc.3/ctx.go:235\ngithub.com/gofiber/fiber/v3/middleware/helmet.New.func1\n\t/Users/mogenle/go/pkg/mod/github.com/gofiber/fiber/v3@v3.0.0-rc.3/middleware/helmet/helmet.go:92\ngithub.com/gofiber/fiber/v3.(*DefaultCtx).Next\n\t/Users/mogenle/go/pkg/mod/github.com/gofiber/fiber/v3@v3.0.0-rc.3/ctx.go:235\nfiberEE/internal/middleware.Use.requestLogger.func3\n\t/Users/mogenle/GolandProjects/fiberEE/internal/middleware/reqLog.go:19\ngithub.com/gofiber/fiber/v3.(*DefaultCtx).Next\n\t/Users/mogenle/go/pkg/mod/github.com/gofiber/fiber/v3@v3.0.0-rc.3/ctx.go:235\nfiberEE/internal/middleware.Use.New.func2\n\t/Users/mogenle/go/pkg/mod/github.com/gofiber/fiber/v3@v3.0.0-rc.3/middleware/requestid/requestid.go:40\ngithub.com/gofiber/fiber/v3.(*DefaultCtx).Next\n\t/Users/mogenle/go/pkg/mod/github.com/gofiber/fiber/v3@v3.0.0-rc.3/ctx.go:235\nfiberEE/internal/middleware.Use.recoverErr.New.func4\n\t/Users/mogenle/go/pkg/mod/github.com/gofiber/fiber/v3@v3.0.0-rc.3/middleware/recover/recover.go:43\ngithub.com/gofiber/fiber/v3.(*App).next\n\t/Users/mogenle/go/pkg/mod/github.com/gofiber/fiber/v3@v3.0.0-rc.3/router.go:156\ngithub.com/gofiber/fiber/v3.(*App).requestHandler\n\t/Users/mogenle/go/pkg/mod/github.com/gofiber/fiber/v3@v3.0.0-rc.3/router.go:332\ngithub.com/valyala/fasthttp.(*Server).serveConn\n\t/Users/mogenle/go/pkg/mod/github.com/valyala/fasthttp@v1.68.0/server.go:2465\ngithub.com/valyala/fasthttp.(*workerPool).workerFunc\n\t/Users/mogenle/go/pkg/mod/github.com/valyala/fasthttp@v1.68.0/workerpool.go:225\ngithub.com/valyala/fasthttp.(*workerPool).getCh.func1\n\t/Users/mogenle/go/pkg/mod/github.com/valyala/fasthttp@v1.68.0/workerpool.go:197"}
{"level":"error","ts":"2025-12-22T14:35:10.406+0800","caller":"middleware/error.go:50","msg":"系统错误","error":"implement me","path":"/admin/v1/test/detail","method":"GET","latency":0.0007715,"ip":"127.0.0.1","request_id":"38fd0122-9803-48e9-b8c7-3d3c254a3044","stacktrace":"fiberEE/internal/server.NewServer.NewErrorHandler.func1\n\t/Users/mogenle/GolandProjects/fiberEE/internal/middleware/error.go:50\ngithub.com/gofiber/fiber/v3.(*App).ErrorHandler\n\t/Users/mogenle/go/pkg/mod/github.com/gofiber/fiber/v3@v3.0.0-rc.3/app.go:1321\ngithub.com/gofiber/fiber/v3.(*App).requestHandler\n\t/Users/mogenle/go/pkg/mod/github.com/gofiber/fiber/v3@v3.0.0-rc.3/router.go:348\ngithub.com/valyala/fasthttp.(*Server).serveConn\n\t/Users/mogenle/go/pkg/mod/github.com/valyala/fasthttp@v1.68.0/server.go:2465\ngithub.com/valyala/fasthttp.(*workerPool).workerFunc\n\t/Users/mogenle/go/pkg/mod/github.com/valyala/fasthttp@v1.68.0/workerpool.go:225\ngithub.com/valyala/fasthttp.(*workerPool).getCh.func1\n\t/Users/mogenle/go/pkg/mod/github.com/valyala/fasthttp@v1.68.0/workerpool.go:197"}
{"level":"info","ts":"2025-12-22T14:45:10.902+0800","caller":"server/main.go:79","msg":"收到关闭信号","signal":"interrupt"}
{"level":"info","ts":"2025-12-22T14:45:11.004+0800","caller":"server/server.go:78","msg":"HTTP 服务已关闭"}
{"level":"info","ts":"2025-12-22T14:45:11.004+0800","caller":"server/server.go:87","msg":"Redis 连接已关闭"}
{"level":"info","ts":"2025-12-22T14:45:11.007+0800","caller":"server/server.go:99","msg":"数据库连接已关闭"}
{"level":"info","ts":"2025-12-22T14:45:11.007+0800","caller":"server/main.go:96","msg":"服务器已优雅关闭"}
{"level":"info","ts":"2025-12-22T14:45:29.338+0800","caller":"bootstrap/logger.go:73","msg":"日志模块初始化成功","level":"debug","format":"json"}
{"level":"info","ts":"2025-12-22T14:45:29.343+0800","caller":"bootstrap/redis.go:34","msg":"Redis 连接成功"}
{"level":"info","ts":"2025-12-22T14:45:29.345+0800","caller":"bootstrap/database.go:80","msg":"数据库初始化成功","driver":"sqlite","prefix":"la_"}
{"level":"info","ts":"2025-12-22T14:45:29.407+0800","caller":"bootstrap/casbin.go:34","msg":"Casbin 初始化成功","model":"./config/rbac_model.conf"}
{"level":"info","ts":"2025-12-22T14:45:29.407+0800","caller":"server/server.go:64","msg":"正在启动服务器","port":":8080"}
{"level":"info","ts":"2025-12-22T14:45:36.992+0800","caller":"middleware/reqLog.go:30","msg":"请求完成","method":"GET","name":"","path":"/admin/v1/test/detail","status":200,"latency":0.003004084,"ip":"127.0.0.1","request_id":"77db9928-e583-4c89-8520-b63912fd0e3c"}
{"level":"warn","ts":"2025-12-22T14:45:45.415+0800","caller":"middleware/error.go:37","msg":"业务错误","code":2001,"msg":"参数校验错误","path":"/admin/v1/test/detail/id=1","method":"GET","latency":0.000118792,"ip":"127.0.0.1","request_id":"fad4ee37-db55-4312-aa62-182fde876210"}
{"level":"info","ts":"2025-12-22T14:48:23.325+0800","caller":"server/main.go:79","msg":"收到关闭信号","signal":"interrupt"}
{"level":"info","ts":"2025-12-22T14:48:23.427+0800","caller":"server/server.go:78","msg":"HTTP 服务已关闭"}
{"level":"info","ts":"2025-12-22T14:48:23.427+0800","caller":"server/server.go:87","msg":"Redis 连接已关闭"}
{"level":"info","ts":"2025-12-22T14:48:23.428+0800","caller":"server/server.go:99","msg":"数据库连接已关闭"}
{"level":"info","ts":"2025-12-22T14:48:23.428+0800","caller":"server/main.go:96","msg":"服务器已优雅关闭"}
{"level":"info","ts":"2025-12-22T14:48:29.205+0800","caller":"bootstrap/logger.go:73","msg":"日志模块初始化成功","level":"debug","format":"json"}
{"level":"info","ts":"2025-12-22T14:48:29.209+0800","caller":"bootstrap/redis.go:34","msg":"Redis 连接成功"}
{"level":"info","ts":"2025-12-22T14:48:29.212+0800","caller":"bootstrap/database.go:80","msg":"数据库初始化成功","driver":"sqlite","prefix":"la_"}
{"level":"info","ts":"2025-12-22T14:48:29.276+0800","caller":"bootstrap/casbin.go:34","msg":"Casbin 初始化成功","model":"./config/rbac_model.conf"}
{"level":"info","ts":"2025-12-22T14:48:29.276+0800","caller":"server/server.go:64","msg":"正在启动服务器","port":":8080"}
{"level":"error","ts":"2025-12-22T14:48:31.358+0800","caller":"middleware/error.go:50","msg":"系统错误","error":"Not Found","path":"/admin/v1/test/details/id=1","method":"GET","latency":0.000214375,"ip":"127.0.0.1","request_id":"9911880a-2024-479d-aa8d-0c550a5cd646","stacktrace":"fiberEE/internal/server.NewServer.NewErrorHandler.func1\n\t/Users/mogenle/GolandProjects/fiberEE/internal/middleware/error.go:50\ngithub.com/gofiber/fiber/v3.(*App).ErrorHandler\n\t/Users/mogenle/go/pkg/mod/github.com/gofiber/fiber/v3@v3.0.0-rc.3/app.go:1321\ngithub.com/gofiber/fiber/v3.(*App).requestHandler\n\t/Users/mogenle/go/pkg/mod/github.com/gofiber/fiber/v3@v3.0.0-rc.3/router.go:348\ngithub.com/valyala/fasthttp.(*Server).serveConn\n\t/Users/mogenle/go/pkg/mod/github.com/valyala/fasthttp@v1.68.0/server.go:2465\ngithub.com/valyala/fasthttp.(*workerPool).workerFunc\n\t/Users/mogenle/go/pkg/mod/github.com/valyala/fasthttp@v1.68.0/workerpool.go:225\ngithub.com/valyala/fasthttp.(*workerPool).getCh.func1\n\t/Users/mogenle/go/pkg/mod/github.com/valyala/fasthttp@v1.68.0/workerpool.go:197"}
{"level":"error","ts":"2025-12-22T14:48:32.867+0800","caller":"middleware/error.go:50","msg":"系统错误","error":"Not Found","path":"/admin/v1/test/details/id=1","method":"GET","latency":0.000021625,"ip":"127.0.0.1","request_id":"22d78710-e589-4cff-ba45-b03053cb74c3","stacktrace":"fiberEE/internal/server.NewServer.NewErrorHandler.func1\n\t/Users/mogenle/GolandProjects/fiberEE/internal/middleware/error.go:50\ngithub.com/gofiber/fiber/v3.(*App).ErrorHandler\n\t/Users/mogenle/go/pkg/mod/github.com/gofiber/fiber/v3@v3.0.0-rc.3/app.go:1321\ngithub.com/gofiber/fiber/v3.(*App).requestHandler\n\t/Users/mogenle/go/pkg/mod/github.com/gofiber/fiber/v3@v3.0.0-rc.3/router.go:348\ngithub.com/valyala/fasthttp.(*Server).serveConn\n\t/Users/mogenle/go/pkg/mod/github.com/valyala/fasthttp@v1.68.0/server.go:2465\ngithub.com/valyala/fasthttp.(*workerPool).workerFunc\n\t/Users/mogenle/go/pkg/mod/github.com/valyala/fasthttp@v1.68.0/workerpool.go:225\ngithub.com/valyala/fasthttp.(*workerPool).getCh.func1\n\t/Users/mogenle/go/pkg/mod/github.com/valyala/fasthttp@v1.68.0/workerpool.go:197"}
{"level":"info","ts":"2025-12-22T14:48:49.242+0800","caller":"middleware/reqLog.go:30","msg":"请求完成","method":"GET","name":"","path":"/admin/v1/test/detail/id=1","status":200,"latency":0.001153209,"ip":"127.0.0.1","request_id":"cf751eef-c51f-416e-89a3-76c5dfcf62d8"}
{"level":"info","ts":"2025-12-22T14:49:00.370+0800","caller":"middleware/reqLog.go:30","msg":"请求完成","method":"GET","name":"","path":"/admin/v1/test/detail","status":200,"latency":0.000643875,"ip":"127.0.0.1","request_id":"a03c297a-a083-47f5-a6f9-59113d590eb1"}
{"level":"info","ts":"2025-12-22T15:06:41.683+0800","caller":"server/main.go:79","msg":"收到关闭信号","signal":"interrupt"}
{"level":"info","ts":"2025-12-22T15:06:41.785+0800","caller":"server/server.go:78","msg":"HTTP 服务已关闭"}
{"level":"info","ts":"2025-12-22T15:06:41.786+0800","caller":"server/server.go:87","msg":"Redis 连接已关闭"}
{"level":"info","ts":"2025-12-22T15:06:41.786+0800","caller":"server/server.go:99","msg":"数据库连接已关闭"}
{"level":"info","ts":"2025-12-22T15:06:41.786+0800","caller":"server/main.go:96","msg":"服务器已优雅关闭"}
{"level":"info","ts":"2025-12-22T15:06:46.626+0800","caller":"bootstrap/logger.go:73","msg":"日志模块初始化成功","level":"debug","format":"json"}
{"level":"info","ts":"2025-12-22T15:06:46.630+0800","caller":"bootstrap/redis.go:34","msg":"Redis 连接成功"}
{"level":"info","ts":"2025-12-22T15:06:46.633+0800","caller":"bootstrap/database.go:80","msg":"数据库初始化成功","driver":"sqlite","prefix":"la_"}
{"level":"info","ts":"2025-12-22T15:08:30.403+0800","caller":"bootstrap/logger.go:73","msg":"日志模块初始化成功","level":"debug","format":"json"}
{"level":"info","ts":"2025-12-22T15:08:30.407+0800","caller":"bootstrap/redis.go:34","msg":"Redis 连接成功"}
{"level":"info","ts":"2025-12-22T15:08:30.410+0800","caller":"bootstrap/database.go:80","msg":"数据库初始化成功","driver":"sqlite","prefix":"la_"}
{"level":"info","ts":"2025-12-22T15:08:36.783+0800","caller":"bootstrap/logger.go:73","msg":"日志模块初始化成功","level":"debug","format":"json"}
{"level":"info","ts":"2025-12-22T15:08:36.787+0800","caller":"bootstrap/redis.go:34","msg":"Redis 连接成功"}
{"level":"info","ts":"2025-12-22T15:08:36.790+0800","caller":"bootstrap/database.go:80","msg":"数据库初始化成功","driver":"sqlite","prefix":"la_"}
{"level":"info","ts":"2025-12-22T15:08:36.853+0800","caller":"bootstrap/casbin.go:34","msg":"Casbin 初始化成功","model":"./config/rbac_model.conf"}
{"level":"info","ts":"2025-12-22T15:08:36.853+0800","caller":"server/server.go:64","msg":"正在启动服务器","port":":8080"}
{"level":"info","ts":"2025-12-22T15:08:41.336+0800","caller":"middleware/reqLog.go:30","msg":"请求完成","method":"GET","name":"","path":"/admin/v1/test/detail","status":200,"latency":0.00147675,"ip":"127.0.0.1","request_id":"72242580-bfaf-495a-8e0b-8757554efc98"}
{"level":"error","ts":"2025-12-22T15:08:57.005+0800","caller":"middleware/error.go:50","msg":"系统错误","error":"Method Not Allowed","path":"/admin/v1/test/edit","method":"GET","latency":0.000025625,"ip":"127.0.0.1","request_id":"0be8f823-98eb-4ec8-b6a7-a0a2ff1ff767","stacktrace":"fiberEE/internal/server.NewServer.NewErrorHandler.func1\n\t/Users/mogenle/GolandProjects/fiberEE/internal/middleware/error.go:50\ngithub.com/gofiber/fiber/v3.(*App).ErrorHandler\n\t/Users/mogenle/go/pkg/mod/github.com/gofiber/fiber/v3@v3.0.0-rc.3/app.go:1321\ngithub.com/gofiber/fiber/v3.(*App).requestHandler\n\t/Users/mogenle/go/pkg/mod/github.com/gofiber/fiber/v3@v3.0.0-rc.3/router.go:348\ngithub.com/valyala/fasthttp.(*Server).serveConn\n\t/Users/mogenle/go/pkg/mod/github.com/valyala/fasthttp@v1.68.0/server.go:2465\ngithub.com/valyala/fasthttp.(*workerPool).workerFunc\n\t/Users/mogenle/go/pkg/mod/github.com/valyala/fasthttp@v1.68.0/workerpool.go:225\ngithub.com/valyala/fasthttp.(*workerPool).getCh.func1\n\t/Users/mogenle/go/pkg/mod/github.com/valyala/fasthttp@v1.68.0/workerpool.go:197"}
{"level":"info","ts":"2025-12-22T15:11:21.110+0800","caller":"server/main.go:79","msg":"收到关闭信号","signal":"interrupt"}
{"level":"info","ts":"2025-12-22T15:11:21.213+0800","caller":"server/server.go:78","msg":"HTTP 服务已关闭"}
{"level":"info","ts":"2025-12-22T15:11:21.214+0800","caller":"server/server.go:87","msg":"Redis 连接已关闭"}
{"level":"info","ts":"2025-12-22T15:11:21.214+0800","caller":"server/server.go:99","msg":"数据库连接已关闭"}
{"level":"info","ts":"2025-12-22T15:11:21.214+0800","caller":"server/main.go:96","msg":"服务器已优雅关闭"}
{"level":"info","ts":"2025-12-22T15:11:25.714+0800","caller":"bootstrap/logger.go:73","msg":"日志模块初始化成功","level":"debug","format":"json"}
{"level":"info","ts":"2025-12-22T15:11:25.718+0800","caller":"bootstrap/redis.go:34","msg":"Redis 连接成功"}
{"level":"info","ts":"2025-12-22T15:11:25.721+0800","caller":"bootstrap/database.go:80","msg":"数据库初始化成功","driver":"sqlite","prefix":"la_"}
{"level":"info","ts":"2025-12-22T15:11:25.782+0800","caller":"bootstrap/casbin.go:34","msg":"Casbin 初始化成功","model":"./config/rbac_model.conf"}
{"level":"info","ts":"2025-12-22T15:11:25.782+0800","caller":"server/server.go:64","msg":"正在启动服务器","port":":8080"}
{"level":"error","ts":"2025-12-22T15:11:29.320+0800","caller":"middleware/error.go:50","msg":"系统错误","error":"Method Not Allowed","path":"/admin/v1/test/edit","method":"GET","latency":0.000214458,"ip":"127.0.0.1","request_id":"f25d3ed5-50bf-443a-81e0-9f63a3819e52","stacktrace":"fiberEE/internal/server.NewServer.NewErrorHandler.func1\n\t/Users/mogenle/GolandProjects/fiberEE/internal/middleware/error.go:50\ngithub.com/gofiber/fiber/v3.(*App).ErrorHandler\n\t/Users/mogenle/go/pkg/mod/github.com/gofiber/fiber/v3@v3.0.0-rc.3/app.go:1321\ngithub.com/gofiber/fiber/v3.(*App).requestHandler\n\t/Users/mogenle/go/pkg/mod/github.com/gofiber/fiber/v3@v3.0.0-rc.3/router.go:348\ngithub.com/valyala/fasthttp.(*Server).serveConn\n\t/Users/mogenle/go/pkg/mod/github.com/valyala/fasthttp@v1.68.0/server.go:2465\ngithub.com/valyala/fasthttp.(*workerPool).workerFunc\n\t/Users/mogenle/go/pkg/mod/github.com/valyala/fasthttp@v1.68.0/workerpool.go:225\ngithub.com/valyala/fasthttp.(*workerPool).getCh.func1\n\t/Users/mogenle/go/pkg/mod/github.com/valyala/fasthttp@v1.68.0/workerpool.go:197"}
{"level":"error","ts":"2025-12-22T15:11:42.142+0800","caller":"middleware/recover.go:15","msg":"panic recovered","panic":"reflect.Value.Interface: cannot return value obtained from unexported field or method","path":"/admin/v1/test/edit","method":"POST","ip":"127.0.0.1","stacktrace":"fiberEE/internal/middleware.Use.recoverErr.func1\n\t/Users/mogenle/GolandProjects/fiberEE/internal/middleware/recover.go:15\nfiberEE/internal/middleware.Use.recoverErr.New.func4.1\n\t/Users/mogenle/go/pkg/mod/github.com/gofiber/fiber/v3@v3.0.0-rc.3/middleware/recover/recover.go:31\nruntime.gopanic\n\t/usr/local/go/src/runtime/panic.go:783\nreflect.valueInterface\n\t/usr/local/go/src/reflect/value.go:1484\nreflect.Value.Interface\n\t/usr/local/go/src/reflect/value.go:1473\ngorm.io/gorm/schema.(*Field).setupValuerAndSetter.func1\n\t/Users/mogenle/go/pkg/mod/gorm.io/gorm@v1.31.1/schema/field.go:462\ngorm.io/gorm/callbacks.ConvertToAssignments\n\t/Users/mogenle/go/pkg/mod/gorm.io/gorm@v1.31.1/callbacks/update.go:275\ngorm.io/gorm/callbacks.RegisterDefaultCallbacks.Update.func7\n\t/Users/mogenle/go/pkg/mod/gorm.io/gorm@v1.31.1/callbacks/update.go:74\ngorm.io/gorm.(*processor).Execute\n\t/Users/mogenle/go/pkg/mod/gorm.io/gorm@v1.31.1/callbacks.go:136\ngorm.io/gorm.(*DB).Updates\n\t/Users/mogenle/go/pkg/mod/gorm.io/gorm@v1.31.1/finisher_api.go:413\ngorm.io/gen.(*DO).Updates\n\t/Users/mogenle/go/pkg/mod/gorm.io/gen@v0.3.27/do.go:725\nfiberEE/internal/service/admin/test.testService.Edit\n\t/Users/mogenle/GolandProjects/fiberEE/internal/service/admin/test/test.go:31\nfiberEE/internal/router/admin/test.TestRouter.edit\n\t/Users/mogenle/GolandProjects/fiberEE/internal/router/admin/test/test.go:69\ngithub.com/gofiber/fiber/v3.(*App).next\n\t/Users/mogenle/go/pkg/mod/github.com/gofiber/fiber/v3@v3.0.0-rc.3/router.go:156\ngithub.com/gofiber/fiber/v3.(*DefaultCtx).Next\n\t/Users/mogenle/go/pkg/mod/github.com/gofiber/fiber/v3@v3.0.0-rc.3/ctx.go:242\ngithub.com/gofiber/fiber/v3/middleware/cors.New.func2\n\t/Users/mogenle/go/pkg/mod/github.com/gofiber/fiber/v3@v3.0.0-rc.3/middleware/cors/cors.go:108\ngithub.com/gofiber/fiber/v3.(*DefaultCtx).Next\n\t/Users/mogenle/go/pkg/mod/github.com/gofiber/fiber/v3@v3.0.0-rc.3/ctx.go:235\ngithub.com/gofiber/fiber/v3/middleware/favicon.New.func2\n\t/Users/mogenle/go/pkg/mod/github.com/gofiber/fiber/v3@v3.0.0-rc.3/middleware/favicon/favicon.go:128\ngithub.com/gofiber/fiber/v3.(*DefaultCtx).Next\n\t/Users/mogenle/go/pkg/mod/github.com/gofiber/fiber/v3@v3.0.0-rc.3/ctx.go:235\ngithub.com/gofiber/fiber/v3/middleware/compress.New.func3\n\t/Users/mogenle/go/pkg/mod/github.com/gofiber/fiber/v3@v3.0.0-rc.3/middleware/compress/compress.go:99\ngithub.com/gofiber/fiber/v3.(*DefaultCtx).Next\n\t/Users/mogenle/go/pkg/mod/github.com/gofiber/fiber/v3@v3.0.0-rc.3/ctx.go:235\ngithub.com/gofiber/fiber/v3/middleware/helmet.New.func1\n\t/Users/mogenle/go/pkg/mod/github.com/gofiber/fiber/v3@v3.0.0-rc.3/middleware/helmet/helmet.go:92\ngithub.com/gofiber/fiber/v3.(*DefaultCtx).Next\n\t/Users/mogenle/go/pkg/mod/github.com/gofiber/fiber/v3@v3.0.0-rc.3/ctx.go:235\nfiberEE/internal/middleware.Use.requestLogger.func3\n\t/Users/mogenle/GolandProjects/fiberEE/internal/middleware/reqLog.go:19\ngithub.com/gofiber/fiber/v3.(*DefaultCtx).Next\n\t/Users/mogenle/go/pkg/mod/github.com/gofiber/fiber/v3@v3.0.0-rc.3/ctx.go:235\nfiberEE/internal/middleware.Use.New.func2\n\t/Users/mogenle/go/pkg/mod/github.com/gofiber/fiber/v3@v3.0.0-rc.3/middleware/requestid/requestid.go:40\ngithub.com/gofiber/fiber/v3.(*DefaultCtx).Next\n\t/Users/mogenle/go/pkg/mod/github.com/gofiber/fiber/v3@v3.0.0-rc.3/ctx.go:235\nfiberEE/internal/middleware.Use.recoverErr.New.func4\n\t/Users/mogenle/go/pkg/mod/github.com/gofiber/fiber/v3@v3.0.0-rc.3/middleware/recover/recover.go:43\ngithub.com/gofiber/fiber/v3.(*App).next\n\t/Users/mogenle/go/pkg/mod/github.com/gofiber/fiber/v3@v3.0.0-rc.3/router.go:156\ngithub.com/gofiber/fiber/v3.(*App).requestHandler\n\t/Users/mogenle/go/pkg/mod/github.com/gofiber/fiber/v3@v3.0.0-rc.3/router.go:332\ngithub.com/valyala/fasthttp.(*Server).serveConn\n\t/Users/mogenle/go/pkg/mod/github.com/valyala/fasthttp@v1.68.0/server.go:2465\ngithub.com/valyala/fasthttp.(*workerPool).workerFunc\n\t/Users/mogenle/go/pkg/mod/github.com/valyala/fasthttp@v1.68.0/workerpool.go:225\ngithub.com/valyala/fasthttp.(*workerPool).getCh.func1\n\t/Users/mogenle/go/pkg/mod/github.com/valyala/fasthttp@v1.68.0/workerpool.go:197"}
{"level":"error","ts":"2025-12-22T15:11:42.142+0800","caller":"middleware/error.go:50","msg":"系统错误","error":"reflect.Value.Interface: cannot return value obtained from unexported field or method","path":"/admin/v1/test/edit","method":"POST","latency":0.001492292,"ip":"127.0.0.1","request_id":"7b7fff85-5c05-4ff7-a89a-23e33ee1d0bf","stacktrace":"fiberEE/internal/server.NewServer.NewErrorHandler.func1\n\t/Users/mogenle/GolandProjects/fiberEE/internal/middleware/error.go:50\ngithub.com/gofiber/fiber/v3.(*App).ErrorHandler\n\t/Users/mogenle/go/pkg/mod/github.com/gofiber/fiber/v3@v3.0.0-rc.3/app.go:1321\ngithub.com/gofiber/fiber/v3.(*App).requestHandler\n\t/Users/mogenle/go/pkg/mod/github.com/gofiber/fiber/v3@v3.0.0-rc.3/router.go:348\ngithub.com/valyala/fasthttp.(*Server).serveConn\n\t/Users/mogenle/go/pkg/mod/github.com/valyala/fasthttp@v1.68.0/server.go:2465\ngithub.com/valyala/fasthttp.(*workerPool).workerFunc\n\t/Users/mogenle/go/pkg/mod/github.com/valyala/fasthttp@v1.68.0/workerpool.go:225\ngithub.com/valyala/fasthttp.(*workerPool).getCh.func1\n\t/Users/mogenle/go/pkg/mod/github.com/valyala/fasthttp@v1.68.0/workerpool.go:197"}
{"level":"error","ts":"2025-12-22T15:11:43.714+0800","caller":"middleware/recover.go:15","msg":"panic recovered","panic":"reflect.Value.Interface: cannot return value obtained from unexported field or method","path":"/admin/v1/test/edit","method":"POST","ip":"127.0.0.1","stacktrace":"fiberEE/internal/middleware.Use.recoverErr.func1\n\t/Users/mogenle/GolandProjects/fiberEE/internal/middleware/recover.go:15\nfiberEE/internal/middleware.Use.recoverErr.New.func4.1\n\t/Users/mogenle/go/pkg/mod/github.com/gofiber/fiber/v3@v3.0.0-rc.3/middleware/recover/recover.go:31\nruntime.gopanic\n\t/usr/local/go/src/runtime/panic.go:783\nreflect.valueInterface\n\t/usr/local/go/src/reflect/value.go:1484\nreflect.Value.Interface\n\t/usr/local/go/src/reflect/value.go:1473\ngorm.io/gorm/schema.(*Field).setupValuerAndSetter.func1\n\t/Users/mogenle/go/pkg/mod/gorm.io/gorm@v1.31.1/schema/field.go:462\ngorm.io/gorm/callbacks.ConvertToAssignments\n\t/Users/mogenle/go/pkg/mod/gorm.io/gorm@v1.31.1/callbacks/update.go:275\ngorm.io/gorm/callbacks.RegisterDefaultCallbacks.Update.func7\n\t/Users/mogenle/go/pkg/mod/gorm.io/gorm@v1.31.1/callbacks/update.go:74\ngorm.io/gorm.(*processor).Execute\n\t/Users/mogenle/go/pkg/mod/gorm.io/gorm@v1.31.1/callbacks.go:136\ngorm.io/gorm.(*DB).Updates\n\t/Users/mogenle/go/pkg/mod/gorm.io/gorm@v1.31.1/finisher_api.go:413\ngorm.io/gen.(*DO).Updates\n\t/Users/mogenle/go/pkg/mod/gorm.io/gen@v0.3.27/do.go:725\nfiberEE/internal/service/admin/test.testService.Edit\n\t/Users/mogenle/GolandProjects/fiberEE/internal/service/admin/test/test.go:31\nfiberEE/internal/router/admin/test.TestRouter.edit\n\t/Users/mogenle/GolandProjects/fiberEE/internal/router/admin/test/test.go:69\ngithub.com/gofiber/fiber/v3.(*App).next\n\t/Users/mogenle/go/pkg/mod/github.com/gofiber/fiber/v3@v3.0.0-rc.3/router.go:156\ngithub.com/gofiber/fiber/v3.(*DefaultCtx).Next\n\t/Users/mogenle/go/pkg/mod/github.com/gofiber/fiber/v3@v3.0.0-rc.3/ctx.go:242\ngithub.com/gofiber/fiber/v3/middleware/cors.New.func2\n\t/Users/mogenle/go/pkg/mod/github.com/gofiber/fiber/v3@v3.0.0-rc.3/middleware/cors/cors.go:108\ngithub.com/gofiber/fiber/v3.(*DefaultCtx).Next\n\t/Users/mogenle/go/pkg/mod/github.com/gofiber/fiber/v3@v3.0.0-rc.3/ctx.go:235\ngithub.com/gofiber/fiber/v3/middleware/favicon.New.func2\n\t/Users/mogenle/go/pkg/mod/github.com/gofiber/fiber/v3@v3.0.0-rc.3/middleware/favicon/favicon.go:128\ngithub.com/gofiber/fiber/v3.(*DefaultCtx).Next\n\t/Users/mogenle/go/pkg/mod/github.com/gofiber/fiber/v3@v3.0.0-rc.3/ctx.go:235\ngithub.com/gofiber/fiber/v3/middleware/compress.New.func3\n\t/Users/mogenle/go/pkg/mod/github.com/gofiber/fiber/v3@v3.0.0-rc.3/middleware/compress/compress.go:99\ngithub.com/gofiber/fiber/v3.(*DefaultCtx).Next\n\t/Users/mogenle/go/pkg/mod/github.com/gofiber/fiber/v3@v3.0.0-rc.3/ctx.go:235\ngithub.com/gofiber/fiber/v3/middleware/helmet.New.func1\n\t/Users/mogenle/go/pkg/mod/github.com/gofiber/fiber/v3@v3.0.0-rc.3/middleware/helmet/helmet.go:92\ngithub.com/gofiber/fiber/v3.(*DefaultCtx).Next\n\t/Users/mogenle/go/pkg/mod/github.com/gofiber/fiber/v3@v3.0.0-rc.3/ctx.go:235\nfiberEE/internal/middleware.Use.requestLogger.func3\n\t/Users/mogenle/GolandProjects/fiberEE/internal/middleware/reqLog.go:19\ngithub.com/gofiber/fiber/v3.(*DefaultCtx).Next\n\t/Users/mogenle/go/pkg/mod/github.com/gofiber/fiber/v3@v3.0.0-rc.3/ctx.go:235\nfiberEE/internal/middleware.Use.New.func2\n\t/Users/mogenle/go/pkg/mod/github.com/gofiber/fiber/v3@v3.0.0-rc.3/middleware/requestid/requestid.go:40\ngithub.com/gofiber/fiber/v3.(*DefaultCtx).Next\n\t/Users/mogenle/go/pkg/mod/github.com/gofiber/fiber/v3@v3.0.0-rc.3/ctx.go:235\nfiberEE/internal/middleware.Use.recoverErr.New.func4\n\t/Users/mogenle/go/pkg/mod/github.com/gofiber/fiber/v3@v3.0.0-rc.3/middleware/recover/recover.go:43\ngithub.com/gofiber/fiber/v3.(*App).next\n\t/Users/mogenle/go/pkg/mod/github.com/gofiber/fiber/v3@v3.0.0-rc.3/router.go:156\ngithub.com/gofiber/fiber/v3.(*App).requestHandler\n\t/Users/mogenle/go/pkg/mod/github.com/gofiber/fiber/v3@v3.0.0-rc.3/router.go:332\ngithub.com/valyala/fasthttp.(*Server).serveConn\n\t/Users/mogenle/go/pkg/mod/github.com/valyala/fasthttp@v1.68.0/server.go:2465\ngithub.com/valyala/fasthttp.(*workerPool).workerFunc\n\t/Users/mogenle/go/pkg/mod/github.com/valyala/fasthttp@v1.68.0/workerpool.go:225\ngithub.com/valyala/fasthttp.(*workerPool).getCh.func1\n\t/Users/mogenle/go/pkg/mod/github.com/valyala/fasthttp@v1.68.0/workerpool.go:197"}
{"level":"error","ts":"2025-12-22T15:11:43.714+0800","caller":"middleware/error.go:50","msg":"系统错误","error":"reflect.Value.Interface: cannot return value obtained from unexported field or method","path":"/admin/v1/test/edit","method":"POST","latency":0.000750875,"ip":"127.0.0.1","request_id":"b1f8e44c-8756-448b-a1b7-ca0dbcc03662","stacktrace":"fiberEE/internal/server.NewServer.NewErrorHandler.func1\n\t/Users/mogenle/GolandProjects/fiberEE/internal/middleware/error.go:50\ngithub.com/gofiber/fiber/v3.(*App).ErrorHandler\n\t/Users/mogenle/go/pkg/mod/github.com/gofiber/fiber/v3@v3.0.0-rc.3/app.go:1321\ngithub.com/gofiber/fiber/v3.(*App).requestHandler\n\t/Users/mogenle/go/pkg/mod/github.com/gofiber/fiber/v3@v3.0.0-rc.3/router.go:348\ngithub.com/valyala/fasthttp.(*Server).serveConn\n\t/Users/mogenle/go/pkg/mod/github.com/valyala/fasthttp@v1.68.0/server.go:2465\ngithub.com/valyala/fasthttp.(*workerPool).workerFunc\n\t/Users/mogenle/go/pkg/mod/github.com/valyala/fasthttp@v1.68.0/workerpool.go:225\ngithub.com/valyala/fasthttp.(*workerPool).getCh.func1\n\t/Users/mogenle/go/pkg/mod/github.com/valyala/fasthttp@v1.68.0/workerpool.go:197"}
{"level":"info","ts":"2025-12-22T15:12:26.298+0800","caller":"server/main.go:79","msg":"收到关闭信号","signal":"interrupt"}
{"level":"info","ts":"2025-12-22T15:12:26.400+0800","caller":"server/server.go:78","msg":"HTTP 服务已关闭"}
{"level":"info","ts":"2025-12-22T15:12:26.400+0800","caller":"server/server.go:87","msg":"Redis 连接已关闭"}
{"level":"info","ts":"2025-12-22T15:12:26.400+0800","caller":"server/server.go:99","msg":"数据库连接已关闭"}
{"level":"info","ts":"2025-12-22T15:12:26.400+0800","caller":"server/main.go:96","msg":"服务器已优雅关闭"}
{"level":"info","ts":"2025-12-22T15:12:30.384+0800","caller":"bootstrap/logger.go:73","msg":"日志模块初始化成功","level":"debug","format":"json"}
{"level":"info","ts":"2025-12-22T15:12:30.388+0800","caller":"bootstrap/redis.go:34","msg":"Redis 连接成功"}
{"level":"info","ts":"2025-12-22T15:12:30.391+0800","caller":"bootstrap/database.go:80","msg":"数据库初始化成功","driver":"sqlite","prefix":"la_"}
{"level":"info","ts":"2025-12-22T15:12:30.453+0800","caller":"bootstrap/casbin.go:34","msg":"Casbin 初始化成功","model":"./config/rbac_model.conf"}
{"level":"info","ts":"2025-12-22T15:12:30.453+0800","caller":"server/server.go:64","msg":"正在启动服务器","port":":8080"}
{"level":"error","ts":"2025-12-22T15:12:44.612+0800","caller":"middleware/recover.go:15","msg":"panic recovered","panic":"reflect.Value.Interface: cannot return value obtained from unexported field or method","path":"/admin/v1/test/edit","method":"POST","ip":"127.0.0.1","stacktrace":"fiberEE/internal/middleware.Use.recoverErr.func1\n\t/Users/mogenle/GolandProjects/fiberEE/internal/middleware/recover.go:15\nfiberEE/internal/middleware.Use.recoverErr.New.func4.1\n\t/Users/mogenle/go/pkg/mod/github.com/gofiber/fiber/v3@v3.0.0-rc.3/middleware/recover/recover.go:31\nruntime.gopanic\n\t/usr/local/go/src/runtime/panic.go:783\nreflect.valueInterface\n\t/usr/local/go/src/reflect/value.go:1484\nreflect.Value.Interface\n\t/usr/local/go/src/reflect/value.go:1473\ngorm.io/gorm/schema.(*Field).setupValuerAndSetter.func1\n\t/Users/mogenle/go/pkg/mod/gorm.io/gorm@v1.31.1/schema/field.go:462\ngorm.io/gorm/callbacks.ConvertToAssignments\n\t/Users/mogenle/go/pkg/mod/gorm.io/gorm@v1.31.1/callbacks/update.go:275\ngorm.io/gorm/callbacks.RegisterDefaultCallbacks.Update.func7\n\t/Users/mogenle/go/pkg/mod/gorm.io/gorm@v1.31.1/callbacks/update.go:74\ngorm.io/gorm.(*processor).Execute\n\t/Users/mogenle/go/pkg/mod/gorm.io/gorm@v1.31.1/callbacks.go:136\ngorm.io/gorm.(*DB).Updates\n\t/Users/mogenle/go/pkg/mod/gorm.io/gorm@v1.31.1/finisher_api.go:413\ngorm.io/gen.(*DO).Updates\n\t/Users/mogenle/go/pkg/mod/gorm.io/gen@v0.3.27/do.go:725\nfiberEE/internal/service/admin/test.testService.Edit\n\t/Users/mogenle/GolandProjects/fiberEE/internal/service/admin/test/test.go:31\nfiberEE/internal/router/admin/test.TestRouter.edit\n\t/Users/mogenle/GolandProjects/fiberEE/internal/router/admin/test/test.go:69\ngithub.com/gofiber/fiber/v3.(*App).next\n\t/Users/mogenle/go/pkg/mod/github.com/gofiber/fiber/v3@v3.0.0-rc.3/router.go:156\ngithub.com/gofiber/fiber/v3.(*DefaultCtx).Next\n\t/Users/mogenle/go/pkg/mod/github.com/gofiber/fiber/v3@v3.0.0-rc.3/ctx.go:242\ngithub.com/gofiber/fiber/v3/middleware/cors.New.func2\n\t/Users/mogenle/go/pkg/mod/github.com/gofiber/fiber/v3@v3.0.0-rc.3/middleware/cors/cors.go:108\ngithub.com/gofiber/fiber/v3.(*DefaultCtx).Next\n\t/Users/mogenle/go/pkg/mod/github.com/gofiber/fiber/v3@v3.0.0-rc.3/ctx.go:235\ngithub.com/gofiber/fiber/v3/middleware/favicon.New.func2\n\t/Users/mogenle/go/pkg/mod/github.com/gofiber/fiber/v3@v3.0.0-rc.3/middleware/favicon/favicon.go:128\ngithub.com/gofiber/fiber/v3.(*DefaultCtx).Next\n\t/Users/mogenle/go/pkg/mod/github.com/gofiber/fiber/v3@v3.0.0-rc.3/ctx.go:235\ngithub.com/gofiber/fiber/v3/middleware/compress.New.func3\n\t/Users/mogenle/go/pkg/mod/github.com/gofiber/fiber/v3@v3.0.0-rc.3/middleware/compress/compress.go:99\ngithub.com/gofiber/fiber/v3.(*DefaultCtx).Next\n\t/Users/mogenle/go/pkg/mod/github.com/gofiber/fiber/v3@v3.0.0-rc.3/ctx.go:235\ngithub.com/gofiber/fiber/v3/middleware/helmet.New.func1\n\t/Users/mogenle/go/pkg/mod/github.com/gofiber/fiber/v3@v3.0.0-rc.3/middleware/helmet/helmet.go:92\ngithub.com/gofiber/fiber/v3.(*DefaultCtx).Next\n\t/Users/mogenle/go/pkg/mod/github.com/gofiber/fiber/v3@v3.0.0-rc.3/ctx.go:235\nfiberEE/internal/middleware.Use.requestLogger.func3\n\t/Users/mogenle/GolandProjects/fiberEE/internal/middleware/reqLog.go:19\ngithub.com/gofiber/fiber/v3.(*DefaultCtx).Next\n\t/Users/mogenle/go/pkg/mod/github.com/gofiber/fiber/v3@v3.0.0-rc.3/ctx.go:235\nfiberEE/internal/middleware.Use.New.func2\n\t/Users/mogenle/go/pkg/mod/github.com/gofiber/fiber/v3@v3.0.0-rc.3/middleware/requestid/requestid.go:40\ngithub.com/gofiber/fiber/v3.(*DefaultCtx).Next\n\t/Users/mogenle/go/pkg/mod/github.com/gofiber/fiber/v3@v3.0.0-rc.3/ctx.go:235\nfiberEE/internal/middleware.Use.recoverErr.New.func4\n\t/Users/mogenle/go/pkg/mod/github.com/gofiber/fiber/v3@v3.0.0-rc.3/middleware/recover/recover.go:43\ngithub.com/gofiber/fiber/v3.(*App).next\n\t/Users/mogenle/go/pkg/mod/github.com/gofiber/fiber/v3@v3.0.0-rc.3/router.go:156\ngithub.com/gofiber/fiber/v3.(*App).requestHandler\n\t/Users/mogenle/go/pkg/mod/github.com/gofiber/fiber/v3@v3.0.0-rc.3/router.go:332\ngithub.com/valyala/fasthttp.(*Server).serveConn\n\t/Users/mogenle/go/pkg/mod/github.com/valyala/fasthttp@v1.68.0/server.go:2465\ngithub.com/valyala/fasthttp.(*workerPool).workerFunc\n\t/Users/mogenle/go/pkg/mod/github.com/valyala/fasthttp@v1.68.0/workerpool.go:225\ngithub.com/valyala/fasthttp.(*workerPool).getCh.func1\n\t/Users/mogenle/go/pkg/mod/github.com/valyala/fasthttp@v1.68.0/workerpool.go:197"}
{"level":"error","ts":"2025-12-22T15:12:44.612+0800","caller":"middleware/error.go:50","msg":"系统错误","error":"reflect.Value.Interface: cannot return value obtained from unexported field or method","path":"/admin/v1/test/edit","method":"POST","latency":0.002103333,"ip":"127.0.0.1","request_id":"5046f6f3-cb45-4217-b06f-7c5e2635c457","stacktrace":"fiberEE/internal/server.NewServer.NewErrorHandler.func1\n\t/Users/mogenle/GolandProjects/fiberEE/internal/middleware/error.go:50\ngithub.com/gofiber/fiber/v3.(*App).ErrorHandler\n\t/Users/mogenle/go/pkg/mod/github.com/gofiber/fiber/v3@v3.0.0-rc.3/app.go:1321\ngithub.com/gofiber/fiber/v3.(*App).requestHandler\n\t/Users/mogenle/go/pkg/mod/github.com/gofiber/fiber/v3@v3.0.0-rc.3/router.go:348\ngithub.com/valyala/fasthttp.(*Server).serveConn\n\t/Users/mogenle/go/pkg/mod/github.com/valyala/fasthttp@v1.68.0/server.go:2465\ngithub.com/valyala/fasthttp.(*workerPool).workerFunc\n\t/Users/mogenle/go/pkg/mod/github.com/valyala/fasthttp@v1.68.0/workerpool.go:225\ngithub.com/valyala/fasthttp.(*workerPool).getCh.func1\n\t/Users/mogenle/go/pkg/mod/github.com/valyala/fasthttp@v1.68.0/workerpool.go:197"}
{"level":"info","ts":"2025-12-22T15:12:58.964+0800","caller":"server/main.go:79","msg":"收到关闭信号","signal":"interrupt"}
{"level":"info","ts":"2025-12-22T15:12:59.065+0800","caller":"server/server.go:78","msg":"HTTP 服务已关闭"}
{"level":"info","ts":"2025-12-22T15:12:59.065+0800","caller":"server/server.go:87","msg":"Redis 连接已关闭"}
{"level":"info","ts":"2025-12-22T15:12:59.065+0800","caller":"server/server.go:99","msg":"数据库连接已关闭"}
{"level":"info","ts":"2025-12-22T15:12:59.065+0800","caller":"server/main.go:96","msg":"服务器已优雅关闭"}
{"level":"info","ts":"2025-12-22T15:13:03.204+0800","caller":"bootstrap/logger.go:73","msg":"日志模块初始化成功","level":"debug","format":"json"}
{"level":"info","ts":"2025-12-22T15:13:03.208+0800","caller":"bootstrap/redis.go:34","msg":"Redis 连接成功"}
{"level":"info","ts":"2025-12-22T15:13:03.211+0800","caller":"bootstrap/database.go:80","msg":"数据库初始化成功","driver":"sqlite","prefix":"la_"}
{"level":"info","ts":"2025-12-22T15:13:03.271+0800","caller":"bootstrap/casbin.go:34","msg":"Casbin 初始化成功","model":"./config/rbac_model.conf"}
{"level":"info","ts":"2025-12-22T15:13:03.271+0800","caller":"server/server.go:64","msg":"正在启动服务器","port":":8080"}
{"level":"error","ts":"2025-12-22T15:13:06.433+0800","caller":"middleware/recover.go:15","msg":"panic recovered","panic":"reflect.Value.Interface: cannot return value obtained from unexported field or method","path":"/admin/v1/test/edit","method":"POST","ip":"127.0.0.1","stacktrace":"fiberEE/internal/middleware.Use.recoverErr.func1\n\t/Users/mogenle/GolandProjects/fiberEE/internal/middleware/recover.go:15\nfiberEE/internal/middleware.Use.recoverErr.New.func4.1\n\t/Users/mogenle/go/pkg/mod/github.com/gofiber/fiber/v3@v3.0.0-rc.3/middleware/recover/recover.go:31\nruntime.gopanic\n\t/usr/local/go/src/runtime/panic.go:783\nreflect.valueInterface\n\t/usr/local/go/src/reflect/value.go:1484\nreflect.Value.Interface\n\t/usr/local/go/src/reflect/value.go:1473\ngorm.io/gorm/schema.(*Field).setupValuerAndSetter.func1\n\t/Users/mogenle/go/pkg/mod/gorm.io/gorm@v1.31.1/schema/field.go:462\ngorm.io/gorm/callbacks.ConvertToAssignments\n\t/Users/mogenle/go/pkg/mod/gorm.io/gorm@v1.31.1/callbacks/update.go:275\ngorm.io/gorm/callbacks.RegisterDefaultCallbacks.Update.func7\n\t/Users/mogenle/go/pkg/mod/gorm.io/gorm@v1.31.1/callbacks/update.go:74\ngorm.io/gorm.(*processor).Execute\n\t/Users/mogenle/go/pkg/mod/gorm.io/gorm@v1.31.1/callbacks.go:136\ngorm.io/gorm.(*DB).Updates\n\t/Users/mogenle/go/pkg/mod/gorm.io/gorm@v1.31.1/finisher_api.go:413\ngorm.io/gen.(*DO).Updates\n\t/Users/mogenle/go/pkg/mod/gorm.io/gen@v0.3.27/do.go:725\nfiberEE/internal/service/admin/test.testService.Edit\n\t/Users/mogenle/GolandProjects/fiberEE/internal/service/admin/test/test.go:32\nfiberEE/internal/router/admin/test.TestRouter.edit\n\t/Users/mogenle/GolandProjects/fiberEE/internal/router/admin/test/test.go:69\ngithub.com/gofiber/fiber/v3.(*App).next\n\t/Users/mogenle/go/pkg/mod/github.com/gofiber/fiber/v3@v3.0.0-rc.3/router.go:156\ngithub.com/gofiber/fiber/v3.(*DefaultCtx).Next\n\t/Users/mogenle/go/pkg/mod/github.com/gofiber/fiber/v3@v3.0.0-rc.3/ctx.go:242\ngithub.com/gofiber/fiber/v3/middleware/cors.New.func2\n\t/Users/mogenle/go/pkg/mod/github.com/gofiber/fiber/v3@v3.0.0-rc.3/middleware/cors/cors.go:108\ngithub.com/gofiber/fiber/v3.(*DefaultCtx).Next\n\t/Users/mogenle/go/pkg/mod/github.com/gofiber/fiber/v3@v3.0.0-rc.3/ctx.go:235\ngithub.com/gofiber/fiber/v3/middleware/favicon.New.func2\n\t/Users/mogenle/go/pkg/mod/github.com/gofiber/fiber/v3@v3.0.0-rc.3/middleware/favicon/favicon.go:128\ngithub.com/gofiber/fiber/v3.(*DefaultCtx).Next\n\t/Users/mogenle/go/pkg/mod/github.com/gofiber/fiber/v3@v3.0.0-rc.3/ctx.go:235\ngithub.com/gofiber/fiber/v3/middleware/compress.New.func3\n\t/Users/mogenle/go/pkg/mod/github.com/gofiber/fiber/v3@v3.0.0-rc.3/middleware/compress/compress.go:99\ngithub.com/gofiber/fiber/v3.(*DefaultCtx).Next\n\t/Users/mogenle/go/pkg/mod/github.com/gofiber/fiber/v3@v3.0.0-rc.3/ctx.go:235\ngithub.com/gofiber/fiber/v3/middleware/helmet.New.func1\n\t/Users/mogenle/go/pkg/mod/github.com/gofiber/fiber/v3@v3.0.0-rc.3/middleware/helmet/helmet.go:92\ngithub.com/gofiber/fiber/v3.(*DefaultCtx).Next\n\t/Users/mogenle/go/pkg/mod/github.com/gofiber/fiber/v3@v3.0.0-rc.3/ctx.go:235\nfiberEE/internal/middleware.Use.requestLogger.func3\n\t/Users/mogenle/GolandProjects/fiberEE/internal/middleware/reqLog.go:19\ngithub.com/gofiber/fiber/v3.(*DefaultCtx).Next\n\t/Users/mogenle/go/pkg/mod/github.com/gofiber/fiber/v3@v3.0.0-rc.3/ctx.go:235\nfiberEE/internal/middleware.Use.New.func2\n\t/Users/mogenle/go/pkg/mod/github.com/gofiber/fiber/v3@v3.0.0-rc.3/middleware/requestid/requestid.go:40\ngithub.com/gofiber/fiber/v3.(*DefaultCtx).Next\n\t/Users/mogenle/go/pkg/mod/github.com/gofiber/fiber/v3@v3.0.0-rc.3/ctx.go:235\nfiberEE/internal/middleware.Use.recoverErr.New.func4\n\t/Users/mogenle/go/pkg/mod/github.com/gofiber/fiber/v3@v3.0.0-rc.3/middleware/recover/recover.go:43\ngithub.com/gofiber/fiber/v3.(*App).next\n\t/Users/mogenle/go/pkg/mod/github.com/gofiber/fiber/v3@v3.0.0-rc.3/router.go:156\ngithub.com/gofiber/fiber/v3.(*App).requestHandler\n\t/Users/mogenle/go/pkg/mod/github.com/gofiber/fiber/v3@v3.0.0-rc.3/router.go:332\ngithub.com/valyala/fasthttp.(*Server).serveConn\n\t/Users/mogenle/go/pkg/mod/github.com/valyala/fasthttp@v1.68.0/server.go:2465\ngithub.com/valyala/fasthttp.(*workerPool).workerFunc\n\t/Users/mogenle/go/pkg/mod/github.com/valyala/fasthttp@v1.68.0/workerpool.go:225\ngithub.com/valyala/fasthttp.(*workerPool).getCh.func1\n\t/Users/mogenle/go/pkg/mod/github.com/valyala/fasthttp@v1.68.0/workerpool.go:197"}
{"level":"error","ts":"2025-12-22T15:13:06.434+0800","caller":"middleware/error.go:50","msg":"系统错误","error":"reflect.Value.Interface: cannot return value obtained from unexported field or method","path":"/admin/v1/test/edit","method":"POST","latency":0.002307834,"ip":"127.0.0.1","request_id":"025edd25-33d5-4cb2-858a-4f84815cbd86","stacktrace":"fiberEE/internal/server.NewServer.NewErrorHandler.func1\n\t/Users/mogenle/GolandProjects/fiberEE/internal/middleware/error.go:50\ngithub.com/gofiber/fiber/v3.(*App).ErrorHandler\n\t/Users/mogenle/go/pkg/mod/github.com/gofiber/fiber/v3@v3.0.0-rc.3/app.go:1321\ngithub.com/gofiber/fiber/v3.(*App).requestHandler\n\t/Users/mogenle/go/pkg/mod/github.com/gofiber/fiber/v3@v3.0.0-rc.3/router.go:348\ngithub.com/valyala/fasthttp.(*Server).serveConn\n\t/Users/mogenle/go/pkg/mod/github.com/valyala/fasthttp@v1.68.0/server.go:2465\ngithub.com/valyala/fasthttp.(*workerPool).workerFunc\n\t/Users/mogenle/go/pkg/mod/github.com/valyala/fasthttp@v1.68.0/workerpool.go:225\ngithub.com/valyala/fasthttp.(*workerPool).getCh.func1\n\t/Users/mogenle/go/pkg/mod/github.com/valyala/fasthttp@v1.68.0/workerpool.go:197"}
{"level":"info","ts":"2025-12-22T15:13:21.073+0800","caller":"server/main.go:79","msg":"收到关闭信号","signal":"interrupt"}
{"level":"info","ts":"2025-12-22T15:13:21.175+0800","caller":"server/server.go:78","msg":"HTTP 服务已关闭"}
{"level":"info","ts":"2025-12-22T15:13:21.175+0800","caller":"server/server.go:87","msg":"Redis 连接已关闭"}
{"level":"info","ts":"2025-12-22T15:13:21.175+0800","caller":"server/server.go:99","msg":"数据库连接已关闭"}
{"level":"info","ts":"2025-12-22T15:13:21.175+0800","caller":"server/main.go:96","msg":"服务器已优雅关闭"}
{"level":"info","ts":"2025-12-22T15:13:25.306+0800","caller":"bootstrap/logger.go:73","msg":"日志模块初始化成功","level":"debug","format":"json"}
{"level":"info","ts":"2025-12-22T15:13:25.311+0800","caller":"bootstrap/redis.go:34","msg":"Redis 连接成功"}
{"level":"info","ts":"2025-12-22T15:13:25.314+0800","caller":"bootstrap/database.go:80","msg":"数据库初始化成功","driver":"sqlite","prefix":"la_"}
{"level":"info","ts":"2025-12-22T15:13:25.384+0800","caller":"bootstrap/casbin.go:34","msg":"Casbin 初始化成功","model":"./config/rbac_model.conf"}
{"level":"info","ts":"2025-12-22T15:13:25.384+0800","caller":"server/server.go:64","msg":"正在启动服务器","port":":8080"}
{"level":"info","ts":"2025-12-22T15:13:28.540+0800","caller":"middleware/reqLog.go:30","msg":"请求完成","method":"POST","name":"","path":"/admin/v1/test/edit","status":200,"latency":0.001814917,"ip":"127.0.0.1","request_id":"0606d5bb-437a-4e1e-9cc6-9a2153fb8b1d"}
{"level":"info","ts":"2025-12-22T15:17:03.288+0800","caller":"server/main.go:79","msg":"收到关闭信号","signal":"interrupt"}
{"level":"info","ts":"2025-12-22T15:17:03.389+0800","caller":"server/server.go:78","msg":"HTTP 服务已关闭"}
{"level":"info","ts":"2025-12-22T15:17:03.389+0800","caller":"server/server.go:87","msg":"Redis 连接已关闭"}
{"level":"info","ts":"2025-12-22T15:17:03.390+0800","caller":"server/server.go:99","msg":"数据库连接已关闭"}
{"level":"info","ts":"2025-12-22T15:17:03.390+0800","caller":"server/main.go:96","msg":"服务器已优雅关闭"}
{"level":"info","ts":"2025-12-22T15:17:20.826+0800","caller":"bootstrap/logger.go:73","msg":"日志模块初始化成功","level":"debug","format":"json"}
{"level":"info","ts":"2025-12-22T15:17:20.830+0800","caller":"bootstrap/redis.go:34","msg":"Redis 连接成功"}
{"level":"info","ts":"2025-12-22T15:17:20.833+0800","caller":"bootstrap/database.go:80","msg":"数据库初始化成功","driver":"sqlite","prefix":"la_"}
{"level":"info","ts":"2025-12-22T15:19:05.219+0800","caller":"bootstrap/logger.go:73","msg":"日志模块初始化成功","level":"debug","format":"json"}
{"level":"info","ts":"2025-12-22T15:19:05.224+0800","caller":"bootstrap/redis.go:34","msg":"Redis 连接成功"}
{"level":"info","ts":"2025-12-22T15:19:05.227+0800","caller":"bootstrap/database.go:80","msg":"数据库初始化成功","driver":"sqlite","prefix":"la_"}
{"level":"info","ts":"2025-12-22T15:19:05.298+0800","caller":"bootstrap/casbin.go:34","msg":"Casbin 初始化成功","model":"./config/rbac_model.conf"}
{"level":"info","ts":"2025-12-22T15:19:05.298+0800","caller":"server/server.go:64","msg":"正在启动服务器","port":":8080"}
{"level":"info","ts":"2025-12-22T15:25:47.093+0800","caller":"server/main.go:79","msg":"收到关闭信号","signal":"interrupt"}
{"level":"info","ts":"2025-12-22T15:25:47.195+0800","caller":"server/server.go:78","msg":"HTTP 服务已关闭"}
{"level":"info","ts":"2025-12-22T15:25:47.195+0800","caller":"server/server.go:87","msg":"Redis 连接已关闭"}
{"level":"info","ts":"2025-12-22T15:25:47.196+0800","caller":"server/server.go:99","msg":"数据库连接已关闭"}
{"level":"info","ts":"2025-12-22T15:25:47.196+0800","caller":"server/main.go:96","msg":"服务器已优雅关闭"}
{"level":"info","ts":"2025-12-22T15:25:51.546+0800","caller":"bootstrap/logger.go:73","msg":"日志模块初始化成功","level":"debug","format":"json"}
{"level":"info","ts":"2025-12-22T15:25:51.550+0800","caller":"bootstrap/redis.go:34","msg":"Redis 连接成功"}
{"level":"info","ts":"2025-12-22T15:25:51.553+0800","caller":"bootstrap/database.go:80","msg":"数据库初始化成功","driver":"sqlite","prefix":"la_"}
{"level":"info","ts":"2025-12-22T15:25:51.614+0800","caller":"bootstrap/casbin.go:34","msg":"Casbin 初始化成功","model":"./config/rbac_model.conf"}
{"level":"info","ts":"2025-12-22T15:25:51.614+0800","caller":"server/server.go:64","msg":"正在启动服务器","port":":8080"}
{"level":"info","ts":"2025-12-22T15:28:25.881+0800","caller":"server/main.go:79","msg":"收到关闭信号","signal":"interrupt"}
{"level":"info","ts":"2025-12-22T15:28:25.983+0800","caller":"server/server.go:78","msg":"HTTP 服务已关闭"}
{"level":"info","ts":"2025-12-22T15:28:25.983+0800","caller":"server/server.go:87","msg":"Redis 连接已关闭"}
{"level":"info","ts":"2025-12-22T15:28:25.984+0800","caller":"server/server.go:99","msg":"数据库连接已关闭"}
{"level":"info","ts":"2025-12-22T15:28:25.984+0800","caller":"server/main.go:96","msg":"服务器已优雅关闭"}
{"level":"info","ts":"2025-12-22T15:28:29.572+0800","caller":"bootstrap/logger.go:73","msg":"日志模块初始化成功","level":"debug","format":"json"}
{"level":"info","ts":"2025-12-22T15:28:29.576+0800","caller":"bootstrap/redis.go:34","msg":"Redis 连接成功"}
{"level":"info","ts":"2025-12-22T15:28:29.579+0800","caller":"bootstrap/database.go:80","msg":"数据库初始化成功","driver":"sqlite","prefix":"la_"}
{"level":"info","ts":"2025-12-22T15:28:29.652+0800","caller":"bootstrap/casbin.go:34","msg":"Casbin 初始化成功","model":"./config/rbac_model.conf"}
{"level":"info","ts":"2025-12-22T15:28:29.653+0800","caller":"server/server.go:64","msg":"正在启动服务器","port":":8080"}
{"level":"warn","ts":"2025-12-22T15:28:32.627+0800","caller":"middleware/error.go:37","msg":"业务错误","code":4001,"msg":"未登录或登录已过期","path":"/admin/v1/test/edit","method":"POST","latency":0.000225917,"ip":"127.0.0.1","request_id":"2da581d9-cb72-4baf-b22b-90d34b0465ec"}
{"level":"info","ts":"2025-12-22T15:41:44.796+0800","caller":"server/main.go:81","msg":"收到关闭信号","signal":"interrupt"}
{"level":"info","ts":"2025-12-22T15:41:44.897+0800","caller":"server/server.go:78","msg":"HTTP 服务已关闭"}
{"level":"info","ts":"2025-12-22T15:41:44.897+0800","caller":"server/server.go:87","msg":"Redis 连接已关闭"}
{"level":"info","ts":"2025-12-22T15:41:44.897+0800","caller":"server/server.go:99","msg":"数据库连接已关闭"}
{"level":"info","ts":"2025-12-22T15:41:44.897+0800","caller":"server/main.go:98","msg":"服务器已优雅关闭"}
{"level":"info","ts":"2025-12-22T15:41:49.695+0800","caller":"bootstrap/logger.go:73","msg":"日志模块初始化成功","level":"debug","format":"json"}
{"level":"info","ts":"2025-12-22T15:41:49.699+0800","caller":"bootstrap/redis.go:34","msg":"Redis 连接成功"}
{"level":"info","ts":"2025-12-22T15:41:49.702+0800","caller":"bootstrap/database.go:80","msg":"数据库初始化成功","driver":"sqlite","prefix":"la_"}
{"level":"info","ts":"2025-12-22T15:41:49.767+0800","caller":"bootstrap/casbin.go:34","msg":"Casbin 初始化成功","model":"./config/rbac_model.conf"}
{"level":"info","ts":"2025-12-22T15:41:49.767+0800","caller":"server/server.go:64","msg":"正在启动服务器","port":":8080"}
{"level":"warn","ts":"2025-12-22T15:41:57.244+0800","caller":"middleware/error.go:37","msg":"业务错误","code":4001,"msg":"未登录或登录已过期","path":"/admin/v1/test/login","method":"POST","latency":0.000282708,"ip":"127.0.0.1","request_id":"d7872ee5-691d-4a9a-9bd6-0200d1a4f8e9"}
{"level":"info","ts":"2025-12-22T15:42:20.532+0800","caller":"server/main.go:82","msg":"收到关闭信号","signal":"interrupt"}
{"level":"info","ts":"2025-12-22T15:42:20.633+0800","caller":"server/server.go:78","msg":"HTTP 服务已关闭"}
{"level":"info","ts":"2025-12-22T15:42:20.633+0800","caller":"server/server.go:87","msg":"Redis 连接已关闭"}
{"level":"info","ts":"2025-12-22T15:42:20.635+0800","caller":"server/server.go:99","msg":"数据库连接已关闭"}
{"level":"info","ts":"2025-12-22T15:42:20.635+0800","caller":"server/main.go:99","msg":"服务器已优雅关闭"}
{"level":"info","ts":"2025-12-22T15:42:24.796+0800","caller":"bootstrap/logger.go:73","msg":"日志模块初始化成功","level":"debug","format":"json"}
{"level":"info","ts":"2025-12-22T15:42:24.800+0800","caller":"bootstrap/redis.go:34","msg":"Redis 连接成功"}
{"level":"info","ts":"2025-12-22T15:42:24.803+0800","caller":"bootstrap/database.go:80","msg":"数据库初始化成功","driver":"sqlite","prefix":"la_"}
{"level":"info","ts":"2025-12-22T15:42:24.870+0800","caller":"bootstrap/casbin.go:34","msg":"Casbin 初始化成功","model":"./config/rbac_model.conf"}
{"level":"info","ts":"2025-12-22T15:42:24.870+0800","caller":"server/server.go:64","msg":"正在启动服务器","port":":8080"}
{"level":"warn","ts":"2025-12-22T15:42:27.634+0800","caller":"middleware/error.go:37","msg":"业务错误","code":4001,"msg":"未登录或登录已过期","path":"/admin/v1/test/login","method":"POST","latency":0.00037175,"ip":"127.0.0.1","request_id":"ac9d0f31-7ec0-44a0-9a1e-213cca060cd3"}
{"level":"info","ts":"2025-12-22T15:42:48.043+0800","caller":"server/main.go:82","msg":"收到关闭信号","signal":"interrupt"}
{"level":"info","ts":"2025-12-22T15:42:48.145+0800","caller":"server/server.go:78","msg":"HTTP 服务已关闭"}
{"level":"info","ts":"2025-12-22T15:42:48.145+0800","caller":"server/server.go:87","msg":"Redis 连接已关闭"}
{"level":"info","ts":"2025-12-22T15:42:48.146+0800","caller":"server/server.go:99","msg":"数据库连接已关闭"}
{"level":"info","ts":"2025-12-22T15:42:48.146+0800","caller":"server/main.go:99","msg":"服务器已优雅关闭"}
{"level":"info","ts":"2025-12-22T15:42:52.533+0800","caller":"bootstrap/logger.go:73","msg":"日志模块初始化成功","level":"debug","format":"json"}
{"level":"info","ts":"2025-12-22T15:42:52.537+0800","caller":"bootstrap/redis.go:34","msg":"Redis 连接成功"}
{"level":"info","ts":"2025-12-22T15:42:52.540+0800","caller":"bootstrap/database.go:80","msg":"数据库初始化成功","driver":"sqlite","prefix":"la_"}
{"level":"info","ts":"2025-12-22T15:42:52.600+0800","caller":"bootstrap/casbin.go:34","msg":"Casbin 初始化成功","model":"./config/rbac_model.conf"}
{"level":"info","ts":"2025-12-22T15:42:52.600+0800","caller":"server/server.go:64","msg":"正在启动服务器","port":":8080"}
{"level":"warn","ts":"2025-12-22T15:42:54.849+0800","caller":"middleware/error.go:37","msg":"业务错误","code":4001,"msg":"未登录或登录已过期","path":"/admin/v1/test/login","method":"POST","latency":0.000226875,"ip":"127.0.0.1","request_id":"06d1adcf-e34f-4857-8ffe-0ce4726e86a0"}
{"level":"info","ts":"2025-12-22T15:43:47.014+0800","caller":"server/main.go:82","msg":"收到关闭信号","signal":"interrupt"}
{"level":"info","ts":"2025-12-22T15:43:47.116+0800","caller":"server/server.go:78","msg":"HTTP 服务已关闭"}
{"level":"info","ts":"2025-12-22T15:43:47.116+0800","caller":"server/server.go:87","msg":"Redis 连接已关闭"}
{"level":"info","ts":"2025-12-22T15:43:47.117+0800","caller":"server/server.go:99","msg":"数据库连接已关闭"}
{"level":"info","ts":"2025-12-22T15:43:47.117+0800","caller":"server/main.go:99","msg":"服务器已优雅关闭"}
{"level":"info","ts":"2025-12-22T15:43:51.912+0800","caller":"bootstrap/logger.go:73","msg":"日志模块初始化成功","level":"debug","format":"json"}
{"level":"info","ts":"2025-12-22T15:43:51.916+0800","caller":"bootstrap/redis.go:34","msg":"Redis 连接成功"}
{"level":"info","ts":"2025-12-22T15:43:51.919+0800","caller":"bootstrap/database.go:80","msg":"数据库初始化成功","driver":"sqlite","prefix":"la_"}
{"level":"info","ts":"2025-12-22T15:43:51.980+0800","caller":"bootstrap/casbin.go:34","msg":"Casbin 初始化成功","model":"./config/rbac_model.conf"}
{"level":"info","ts":"2025-12-22T15:43:51.980+0800","caller":"server/server.go:64","msg":"正在启动服务器","port":":8080"}
{"level":"warn","ts":"2025-12-22T15:43:54.770+0800","caller":"middleware/error.go:37","msg":"业务错误","code":4001,"msg":"未登录或登录已过期","path":"/admin/v1/test/login","method":"POST","latency":0.00018475,"ip":"127.0.0.1","request_id":"9a94c79e-3086-44fa-a9b2-8498e57739e2"}
{"level":"info","ts":"2025-12-22T15:44:20.946+0800","caller":"server/main.go:82","msg":"收到关闭信号","signal":"interrupt"}
{"level":"info","ts":"2025-12-22T15:44:21.047+0800","caller":"server/server.go:78","msg":"HTTP 服务已关闭"}
{"level":"info","ts":"2025-12-22T15:44:21.048+0800","caller":"server/server.go:87","msg":"Redis 连接已关闭"}
{"level":"info","ts":"2025-12-22T15:44:21.048+0800","caller":"server/server.go:99","msg":"数据库连接已关闭"}
{"level":"info","ts":"2025-12-22T15:44:21.048+0800","caller":"server/main.go:99","msg":"服务器已优雅关闭"}
{"level":"info","ts":"2025-12-22T15:44:25.321+0800","caller":"bootstrap/logger.go:73","msg":"日志模块初始化成功","level":"debug","format":"json"}
{"level":"info","ts":"2025-12-22T15:44:25.325+0800","caller":"bootstrap/redis.go:34","msg":"Redis 连接成功"}
{"level":"info","ts":"2025-12-22T15:44:25.328+0800","caller":"bootstrap/database.go:80","msg":"数据库初始化成功","driver":"sqlite","prefix":"la_"}
{"level":"info","ts":"2025-12-22T15:44:25.390+0800","caller":"bootstrap/casbin.go:34","msg":"Casbin 初始化成功","model":"./config/rbac_model.conf"}
{"level":"info","ts":"2025-12-22T15:44:25.390+0800","caller":"server/server.go:64","msg":"正在启动服务器","port":":8080"}
{"level":"warn","ts":"2025-12-22T15:44:28.362+0800","caller":"middleware/error.go:37","msg":"业务错误","code":4001,"msg":"未登录或登录已过期","path":"/admin/v1/test/login","method":"POST","latency":0.000529667,"ip":"127.0.0.1","request_id":"bbdbb783-9089-4088-ba37-99607df6794b"}
{"level":"info","ts":"2025-12-22T15:44:57.992+0800","caller":"server/main.go:82","msg":"收到关闭信号","signal":"interrupt"}
{"level":"info","ts":"2025-12-22T15:44:58.093+0800","caller":"server/server.go:78","msg":"HTTP 服务已关闭"}
{"level":"info","ts":"2025-12-22T15:44:58.094+0800","caller":"server/server.go:87","msg":"Redis 连接已关闭"}
{"level":"info","ts":"2025-12-22T15:44:58.094+0800","caller":"server/server.go:99","msg":"数据库连接已关闭"}
{"level":"info","ts":"2025-12-22T15:44:58.095+0800","caller":"server/main.go:99","msg":"服务器已优雅关闭"}
{"level":"info","ts":"2025-12-22T15:45:02.541+0800","caller":"bootstrap/logger.go:73","msg":"日志模块初始化成功","level":"debug","format":"json"}
{"level":"info","ts":"2025-12-22T15:45:02.546+0800","caller":"bootstrap/redis.go:34","msg":"Redis 连接成功"}
{"level":"info","ts":"2025-12-22T15:45:02.549+0800","caller":"bootstrap/database.go:80","msg":"数据库初始化成功","driver":"sqlite","prefix":"la_"}
{"level":"info","ts":"2025-12-22T15:45:02.608+0800","caller":"bootstrap/casbin.go:34","msg":"Casbin 初始化成功","model":"./config/rbac_model.conf"}
{"level":"info","ts":"2025-12-22T15:45:02.608+0800","caller":"server/server.go:64","msg":"正在启动服务器","port":":8080"}
{"level":"warn","ts":"2025-12-22T15:45:05.068+0800","caller":"middleware/error.go:37","msg":"业务错误","code":4001,"msg":"未登录或登录已过期","path":"/admin/v1/test/login","method":"POST","latency":0.00026575,"ip":"127.0.0.1","request_id":"1dd27bc6-0b4b-4a74-b4d5-22a1e40165ae"}
{"level":"info","ts":"2025-12-22T15:46:35.829+0800","caller":"server/main.go:82","msg":"收到关闭信号","signal":"interrupt"}
{"level":"info","ts":"2025-12-22T15:46:35.931+0800","caller":"server/server.go:78","msg":"HTTP 服务已关闭"}
{"level":"info","ts":"2025-12-22T15:46:35.931+0800","caller":"server/server.go:87","msg":"Redis 连接已关闭"}
{"level":"info","ts":"2025-12-22T15:46:35.932+0800","caller":"server/server.go:99","msg":"数据库连接已关闭"}
{"level":"info","ts":"2025-12-22T15:46:35.932+0800","caller":"server/main.go:99","msg":"服务器已优雅关闭"}
{"level":"info","ts":"2025-12-22T15:46:40.085+0800","caller":"bootstrap/logger.go:73","msg":"日志模块初始化成功","level":"debug","format":"json"}
{"level":"info","ts":"2025-12-22T15:46:40.089+0800","caller":"bootstrap/redis.go:34","msg":"Redis 连接成功"}
{"level":"info","ts":"2025-12-22T15:46:40.092+0800","caller":"bootstrap/database.go:80","msg":"数据库初始化成功","driver":"sqlite","prefix":"la_"}
{"level":"info","ts":"2025-12-22T15:46:40.155+0800","caller":"bootstrap/casbin.go:34","msg":"Casbin 初始化成功","model":"./config/rbac_model.conf"}
{"level":"info","ts":"2025-12-22T15:46:40.155+0800","caller":"server/server.go:64","msg":"正在启动服务器","port":":8080"}
{"level":"error","ts":"2025-12-22T15:46:46.293+0800","caller":"middleware/error.go:50","msg":"系统错误","error":"Method Not Allowed","path":"/admin/v1/test/login","method":"POST","latency":0.000220625,"ip":"127.0.0.1","request_id":"6d13a06f-2417-4288-a0db-bfccd9edb61f","stacktrace":"fiberEE/internal/server.NewServer.NewErrorHandler.func1\n\t/Users/mogenle/GolandProjects/fiberEE/internal/middleware/error.go:50\ngithub.com/gofiber/fiber/v3.(*App).ErrorHandler\n\t/Users/mogenle/go/pkg/mod/github.com/gofiber/fiber/v3@v3.0.0-rc.3/app.go:1321\ngithub.com/gofiber/fiber/v3.(*App).requestHandler\n\t/Users/mogenle/go/pkg/mod/github.com/gofiber/fiber/v3@v3.0.0-rc.3/router.go:348\ngithub.com/valyala/fasthttp.(*Server).serveConn\n\t/Users/mogenle/go/pkg/mod/github.com/valyala/fasthttp@v1.68.0/server.go:2465\ngithub.com/valyala/fasthttp.(*workerPool).workerFunc\n\t/Users/mogenle/go/pkg/mod/github.com/valyala/fasthttp@v1.68.0/workerpool.go:225\ngithub.com/valyala/fasthttp.(*workerPool).getCh.func1\n\t/Users/mogenle/go/pkg/mod/github.com/valyala/fasthttp@v1.68.0/workerpool.go:197"}
{"level":"info","ts":"2025-12-22T15:47:25.839+0800","caller":"server/main.go:82","msg":"收到关闭信号","signal":"interrupt"}
{"level":"info","ts":"2025-12-22T15:47:25.940+0800","caller":"server/server.go:78","msg":"HTTP 服务已关闭"}
{"level":"info","ts":"2025-12-22T15:47:25.940+0800","caller":"server/server.go:87","msg":"Redis 连接已关闭"}
{"level":"info","ts":"2025-12-22T15:47:25.941+0800","caller":"server/server.go:99","msg":"数据库连接已关闭"}
{"level":"info","ts":"2025-12-22T15:47:25.941+0800","caller":"server/main.go:99","msg":"服务器已优雅关闭"}
{"level":"info","ts":"2025-12-22T15:47:29.678+0800","caller":"bootstrap/logger.go:73","msg":"日志模块初始化成功","level":"debug","format":"json"}
{"level":"info","ts":"2025-12-22T15:47:29.683+0800","caller":"bootstrap/redis.go:34","msg":"Redis 连接成功"}
{"level":"info","ts":"2025-12-22T15:47:29.686+0800","caller":"bootstrap/database.go:80","msg":"数据库初始化成功","driver":"sqlite","prefix":"la_"}
{"level":"info","ts":"2025-12-22T15:47:29.745+0800","caller":"bootstrap/casbin.go:34","msg":"Casbin 初始化成功","model":"./config/rbac_model.conf"}
{"level":"info","ts":"2025-12-22T15:47:29.745+0800","caller":"server/server.go:64","msg":"正在启动服务器","port":":8080"}
{"level":"warn","ts":"2025-12-22T15:47:37.335+0800","caller":"middleware/error.go:37","msg":"业务错误","code":2001,"msg":"参数校验错误","path":"/admin/v1/test/login","method":"POST","latency":0.001098084,"ip":"127.0.0.1","request_id":"906e7a6f-2180-449f-b3af-24cc4c862ab4"}
{"level":"warn","ts":"2025-12-22T15:47:45.908+0800","caller":"middleware/error.go:37","msg":"业务错误","code":2001,"msg":"参数校验错误","path":"/admin/v1/test/login","method":"POST","latency":0.000127625,"ip":"127.0.0.1","request_id":"45b61c47-ae56-4ae0-b609-b8ea0b3c41be"}
{"level":"warn","ts":"2025-12-22T15:47:58.531+0800","caller":"middleware/error.go:37","msg":"业务错误","code":2001,"msg":"参数校验错误","path":"/admin/v1/test/login","method":"POST","latency":0.000105833,"ip":"127.0.0.1","request_id":"7a46a960-f089-424a-9fc7-f528e982bb58"}
{"level":"info","ts":"2025-12-22T15:48:18.636+0800","caller":"server/main.go:82","msg":"收到关闭信号","signal":"interrupt"}
{"level":"info","ts":"2025-12-22T15:48:18.738+0800","caller":"server/server.go:78","msg":"HTTP 服务已关闭"}
{"level":"info","ts":"2025-12-22T15:48:18.738+0800","caller":"server/server.go:87","msg":"Redis 连接已关闭"}
{"level":"info","ts":"2025-12-22T15:48:18.741+0800","caller":"server/server.go:99","msg":"数据库连接已关闭"}
{"level":"info","ts":"2025-12-22T15:48:18.741+0800","caller":"server/main.go:99","msg":"服务器已优雅关闭"}
{"level":"info","ts":"2025-12-22T15:48:23.152+0800","caller":"bootstrap/logger.go:73","msg":"日志模块初始化成功","level":"debug","format":"json"}
{"level":"info","ts":"2025-12-22T15:48:23.157+0800","caller":"bootstrap/redis.go:34","msg":"Redis 连接成功"}
{"level":"info","ts":"2025-12-22T15:48:23.160+0800","caller":"bootstrap/database.go:80","msg":"数据库初始化成功","driver":"sqlite","prefix":"la_"}
{"level":"info","ts":"2025-12-22T15:48:23.230+0800","caller":"bootstrap/casbin.go:34","msg":"Casbin 初始化成功","model":"./config/rbac_model.conf"}
{"level":"info","ts":"2025-12-22T15:48:23.230+0800","caller":"server/server.go:64","msg":"正在启动服务器","port":":8080"}
{"level":"warn","ts":"2025-12-22T15:48:25.004+0800","caller":"middleware/error.go:37","msg":"业务错误","code":2001,"msg":"参数校验错误","path":"/admin/v1/test/login","method":"POST","latency":0.000441084,"ip":"127.0.0.1","request_id":"0091df8a-0218-4642-adf5-edd155aadb44"}
{"level":"warn","ts":"2025-12-22T15:48:26.534+0800","caller":"middleware/error.go:37","msg":"业务错误","code":2001,"msg":"参数校验错误","path":"/admin/v1/test/login","method":"POST","latency":0.000041917,"ip":"127.0.0.1","request_id":"68de581c-fb78-4c5c-8314-6e0f0afd110f"}
{"level":"info","ts":"2025-12-22T15:48:40.716+0800","caller":"server/main.go:82","msg":"收到关闭信号","signal":"interrupt"}
{"level":"info","ts":"2025-12-22T15:48:40.818+0800","caller":"server/server.go:78","msg":"HTTP 服务已关闭"}
{"level":"info","ts":"2025-12-22T15:48:40.818+0800","caller":"server/server.go:87","msg":"Redis 连接已关闭"}
{"level":"info","ts":"2025-12-22T15:48:40.823+0800","caller":"server/server.go:99","msg":"数据库连接已关闭"}
{"level":"info","ts":"2025-12-22T15:48:40.823+0800","caller":"server/main.go:99","msg":"服务器已优雅关闭"}
{"level":"info","ts":"2025-12-22T15:48:46.039+0800","caller":"bootstrap/logger.go:73","msg":"日志模块初始化成功","level":"debug","format":"json"}
{"level":"info","ts":"2025-12-22T15:48:46.043+0800","caller":"bootstrap/redis.go:34","msg":"Redis 连接成功"}
{"level":"info","ts":"2025-12-22T15:48:46.046+0800","caller":"bootstrap/database.go:80","msg":"数据库初始化成功","driver":"sqlite","prefix":"la_"}
{"level":"info","ts":"2025-12-22T15:48:46.117+0800","caller":"bootstrap/casbin.go:34","msg":"Casbin 初始化成功","model":"./config/rbac_model.conf"}
{"level":"info","ts":"2025-12-22T15:48:46.117+0800","caller":"server/server.go:64","msg":"正在启动服务器","port":":8080"}
{"level":"warn","ts":"2025-12-22T15:48:47.499+0800","caller":"middleware/error.go:37","msg":"业务错误","code":2001,"msg":"参数校验错误","path":"/admin/v1/test/login","method":"POST","latency":0.000645,"ip":"127.0.0.1","request_id":"fcb4c532-3b15-4ea9-812e-d418f1459dba"}
{"level":"info","ts":"2025-12-22T15:50:08.008+0800","caller":"server/main.go:82","msg":"收到关闭信号","signal":"interrupt"}
{"level":"info","ts":"2025-12-22T15:50:08.111+0800","caller":"server/server.go:78","msg":"HTTP 服务已关闭"}
{"level":"info","ts":"2025-12-22T15:50:08.111+0800","caller":"server/server.go:87","msg":"Redis 连接已关闭"}
{"level":"info","ts":"2025-12-22T15:50:08.112+0800","caller":"server/server.go:99","msg":"数据库连接已关闭"}
{"level":"info","ts":"2025-12-22T15:50:08.112+0800","caller":"server/main.go:99","msg":"服务器已优雅关闭"}
{"level":"info","ts":"2025-12-22T15:50:13.192+0800","caller":"bootstrap/logger.go:73","msg":"日志模块初始化成功","level":"debug","format":"json"}
{"level":"info","ts":"2025-12-22T15:50:13.197+0800","caller":"bootstrap/redis.go:34","msg":"Redis 连接成功"}
{"level":"info","ts":"2025-12-22T15:50:13.201+0800","caller":"bootstrap/database.go:80","msg":"数据库初始化成功","driver":"sqlite","prefix":"la_"}
{"level":"info","ts":"2025-12-22T15:50:13.262+0800","caller":"bootstrap/casbin.go:34","msg":"Casbin 初始化成功","model":"./config/rbac_model.conf"}
{"level":"info","ts":"2025-12-22T15:50:13.262+0800","caller":"server/server.go:64","msg":"正在启动服务器","port":":8080"}
{"level":"warn","ts":"2025-12-22T15:50:19.058+0800","caller":"middleware/error.go:37","msg":"业务错误","code":2001,"msg":"参数校验错误","path":"/admin/v1/test/login","method":"POST","latency":0.000454208,"ip":"127.0.0.1","request_id":"29aefa97-243d-4afa-abbf-09f64ff1d4bb"}
{"level":"warn","ts":"2025-12-22T15:50:20.005+0800","caller":"middleware/error.go:37","msg":"业务错误","code":2001,"msg":"参数校验错误","path":"/admin/v1/test/login","method":"POST","latency":0.000150875,"ip":"127.0.0.1","request_id":"0bff2c1d-4597-43ed-bd09-b6f74f42e027"}
{"level":"warn","ts":"2025-12-22T15:50:20.852+0800","caller":"middleware/error.go:37","msg":"业务错误","code":2001,"msg":"参数校验错误","path":"/admin/v1/test/login","method":"POST","latency":0.000034041,"ip":"127.0.0.1","request_id":"6c5ea399-572f-42eb-a942-0ac7ecf21624"}
{"level":"warn","ts":"2025-12-22T15:50:21.850+0800","caller":"middleware/error.go:37","msg":"业务错误","code":2001,"msg":"参数校验错误","path":"/admin/v1/test/login","method":"POST","latency":0.000070292,"ip":"127.0.0.1","request_id":"ed39e3ed-dcba-4414-bda7-4cc2aa2dcc36"}
{"level":"warn","ts":"2025-12-22T15:50:57.843+0800","caller":"middleware/error.go:37","msg":"业务错误","code":2001,"msg":"参数校验错误","path":"/admin/v1/test/login","method":"POST","latency":0.000516375,"ip":"127.0.0.1","request_id":"36d9008b-6dce-4923-a776-2ad0ad24f66c"}
{"level":"warn","ts":"2025-12-22T15:51:33.248+0800","caller":"middleware/error.go:37","msg":"业务错误","code":2001,"msg":"参数校验错误","path":"/admin/v1/test/login","method":"POST","latency":0.000211333,"ip":"127.0.0.1","request_id":"83d9ac79-164e-4545-aa45-e15f7ce84f70"}
{"level":"warn","ts":"2025-12-22T15:51:44.316+0800","caller":"middleware/error.go:37","msg":"业务错误","code":2001,"msg":"参数校验错误","path":"/admin/v1/test/login","method":"POST","latency":0.000074416,"ip":"127.0.0.1","request_id":"4caac279-0a49-4f89-bdf6-1685fe57b672"}
{"level":"warn","ts":"2025-12-22T15:52:03.585+0800","caller":"middleware/error.go:37","msg":"业务错误","code":2001,"msg":"参数校验错误","path":"/admin/v1/test/login","method":"POST","latency":0.000160208,"ip":"127.0.0.1","request_id":"6ec96ffd-0e1e-45fc-8301-2ab0d9e15a91"}
{"level":"warn","ts":"2025-12-22T15:52:07.546+0800","caller":"middleware/error.go:37","msg":"业务错误","code":2001,"msg":"参数校验错误","path":"/admin/v1/test/login","method":"POST","latency":0.000059542,"ip":"127.0.0.1","request_id":"affbf4ac-dca4-4e1c-a17a-0796da96fca2"}
{"level":"warn","ts":"2025-12-22T15:52:22.635+0800","caller":"middleware/error.go:37","msg":"业务错误","code":2001,"msg":"参数校验错误","path":"/admin/v1/test/login","method":"POST","latency":0.000313333,"ip":"127.0.0.1","request_id":"4ae55625-7495-4751-906b-942c91b044c7"}
{"level":"warn","ts":"2025-12-22T15:52:34.773+0800","caller":"middleware/error.go:37","msg":"业务错误","code":2001,"msg":"参数校验错误","path":"/admin/v1/test/login","method":"POST","latency":0.000096875,"ip":"127.0.0.1","request_id":"d4f9f745-b519-4278-a4e0-04e1bfe5c686"}
{"level":"info","ts":"2025-12-22T15:53:56.871+0800","caller":"server/main.go:82","msg":"收到关闭信号","signal":"interrupt"}
{"level":"info","ts":"2025-12-22T15:53:56.973+0800","caller":"server/server.go:78","msg":"HTTP 服务已关闭"}
{"level":"info","ts":"2025-12-22T15:53:56.974+0800","caller":"server/server.go:87","msg":"Redis 连接已关闭"}
{"level":"info","ts":"2025-12-22T15:53:56.974+0800","caller":"server/server.go:99","msg":"数据库连接已关闭"}
{"level":"info","ts":"2025-12-22T15:53:56.974+0800","caller":"server/main.go:99","msg":"服务器已优雅关闭"}
{"level":"info","ts":"2025-12-22T15:54:02.986+0800","caller":"bootstrap/logger.go:73","msg":"日志模块初始化成功","level":"debug","format":"json"}
{"level":"info","ts":"2025-12-22T15:54:02.993+0800","caller":"bootstrap/redis.go:34","msg":"Redis 连接成功"}
{"level":"info","ts":"2025-12-22T15:54:02.997+0800","caller":"bootstrap/database.go:80","msg":"数据库初始化成功","driver":"sqlite","prefix":"la_"}
{"level":"info","ts":"2025-12-22T15:54:03.065+0800","caller":"bootstrap/casbin.go:34","msg":"Casbin 初始化成功","model":"./config/rbac_model.conf"}
{"level":"info","ts":"2025-12-22T15:54:03.065+0800","caller":"server/server.go:64","msg":"正在启动服务器","port":":8080"}
{"level":"warn","ts":"2025-12-22T15:54:05.254+0800","caller":"middleware/error.go:37","msg":"业务错误","code":2002,"msg":"json: cannot unmarshal number into Go struct field TestLoginResp.password of type string","path":"/admin/v1/test/login","method":"POST","latency":0.002500542,"ip":"127.0.0.1","request_id":"66eba494-261f-4ada-9f3f-77b594485577"}
{"level":"info","ts":"2025-12-22T15:56:09.288+0800","caller":"server/main.go:82","msg":"收到关闭信号","signal":"interrupt"}
{"level":"info","ts":"2025-12-22T15:56:09.389+0800","caller":"server/server.go:78","msg":"HTTP 服务已关闭"}
{"level":"info","ts":"2025-12-22T15:56:09.389+0800","caller":"server/server.go:87","msg":"Redis 连接已关闭"}
{"level":"info","ts":"2025-12-22T15:56:09.390+0800","caller":"server/server.go:99","msg":"数据库连接已关闭"}
{"level":"info","ts":"2025-12-22T15:56:09.390+0800","caller":"server/main.go:99","msg":"服务器已优雅关闭"}
{"level":"info","ts":"2025-12-22T15:56:14.266+0800","caller":"bootstrap/logger.go:73","msg":"日志模块初始化成功","level":"debug","format":"json"}
{"level":"info","ts":"2025-12-22T15:56:14.272+0800","caller":"bootstrap/redis.go:34","msg":"Redis 连接成功"}
{"level":"info","ts":"2025-12-22T15:56:14.277+0800","caller":"bootstrap/database.go:80","msg":"数据库初始化成功","driver":"sqlite","prefix":"la_"}
{"level":"info","ts":"2025-12-22T15:56:14.354+0800","caller":"bootstrap/casbin.go:34","msg":"Casbin 初始化成功","model":"./config/rbac_model.conf"}
{"level":"info","ts":"2025-12-22T15:56:14.354+0800","caller":"server/server.go:64","msg":"正在启动服务器","port":":8080"}
{"level":"warn","ts":"2025-12-22T15:56:15.678+0800","caller":"middleware/error.go:37","msg":"业务错误","code":2002,"msg":"json: cannot unmarshal number into Go struct field TestLoginResp.password of type string","path":"/admin/v1/test/login","method":"POST","latency":0.005247667,"ip":"127.0.0.1","request_id":"974b46f8-5f68-4fa0-8dc3-26e1589a1717"}
{"level":"info","ts":"2025-12-22T15:57:07.690+0800","caller":"server/main.go:82","msg":"收到关闭信号","signal":"interrupt"}
{"level":"info","ts":"2025-12-22T15:57:07.791+0800","caller":"server/server.go:78","msg":"HTTP 服务已关闭"}
{"level":"info","ts":"2025-12-22T15:57:07.791+0800","caller":"server/server.go:87","msg":"Redis 连接已关闭"}
{"level":"info","ts":"2025-12-22T15:57:07.792+0800","caller":"server/server.go:99","msg":"数据库连接已关闭"}
{"level":"info","ts":"2025-12-22T15:57:07.792+0800","caller":"server/main.go:99","msg":"服务器已优雅关闭"}
{"level":"info","ts":"2025-12-22T15:57:10.468+0800","caller":"bootstrap/logger.go:73","msg":"日志模块初始化成功","level":"debug","format":"json"}
{"level":"info","ts":"2025-12-22T15:57:10.471+0800","caller":"bootstrap/redis.go:34","msg":"Redis 连接成功"}
{"level":"info","ts":"2025-12-22T15:57:10.473+0800","caller":"bootstrap/database.go:80","msg":"数据库初始化成功","driver":"sqlite","prefix":"la_"}
{"level":"info","ts":"2025-12-22T15:57:10.540+0800","caller":"bootstrap/casbin.go:34","msg":"Casbin 初始化成功","model":"./config/rbac_model.conf"}
{"level":"info","ts":"2025-12-22T15:57:10.540+0800","caller":"server/server.go:64","msg":"正在启动服务器","port":":8080"}
{"level":"warn","ts":"2025-12-22T15:57:27.555+0800","caller":"middleware/error.go:37","msg":"业务错误","code":2001,"msg":"参数校验错误","path":"/admin/v1/test/login","method":"POST","latency":0.000411541,"ip":"127.0.0.1","request_id":"5d5af5b2-979d-44a8-9c2d-cf4c10b17794"}
{"level":"warn","ts":"2025-12-22T15:57:32.641+0800","caller":"middleware/error.go:37","msg":"业务错误","code":2001,"msg":"参数校验错误","path":"/admin/v1/test/login","method":"POST","latency":0.000190125,"ip":"127.0.0.1","request_id":"2be0a9a9-2684-4227-9f43-39e306791ae6"}
{"level":"warn","ts":"2025-12-22T15:57:36.481+0800","caller":"middleware/error.go:37","msg":"业务错误","code":2001,"msg":"参数校验错误","path":"/admin/v1/test/login","method":"POST","latency":0.000112875,"ip":"127.0.0.1","request_id":"b8a8d0bd-e8b1-43a3-9ebb-c9945e9e93da"}
{"level":"warn","ts":"2025-12-22T15:57:41.240+0800","caller":"middleware/error.go:37","msg":"业务错误","code":2002,"msg":"json: cannot unmarshal number into Go struct field TestLoginResp.password of type string","path":"/admin/v1/test/login","method":"POST","latency":0.000130125,"ip":"127.0.0.1","request_id":"d9be726d-6859-48bd-aa53-3faea7a34a9e"}
{"level":"warn","ts":"2025-12-22T15:58:30.538+0800","caller":"middleware/error.go:37","msg":"业务错误","code":2001,"msg":"参数校验错误","path":"/admin/v1/test/login","method":"POST","latency":0.000327792,"ip":"127.0.0.1","request_id":"51fafecb-a353-4c1a-8371-3b0792494064"}
{"level":"info","ts":"2025-12-22T15:59:36.268+0800","caller":"server/main.go:82","msg":"收到关闭信号","signal":"interrupt"}
{"level":"info","ts":"2025-12-22T15:59:36.370+0800","caller":"server/server.go:78","msg":"HTTP 服务已关闭"}
{"level":"info","ts":"2025-12-22T15:59:36.370+0800","caller":"server/server.go:87","msg":"Redis 连接已关闭"}
{"level":"info","ts":"2025-12-22T15:59:36.371+0800","caller":"server/server.go:99","msg":"数据库连接已关闭"}
{"level":"info","ts":"2025-12-22T15:59:36.371+0800","caller":"server/main.go:99","msg":"服务器已优雅关闭"}
{"level":"info","ts":"2025-12-22T15:59:40.874+0800","caller":"bootstrap/logger.go:73","msg":"日志模块初始化成功","level":"debug","format":"json"}
{"level":"info","ts":"2025-12-22T15:59:40.877+0800","caller":"bootstrap/redis.go:34","msg":"Redis 连接成功"}
{"level":"info","ts":"2025-12-22T15:59:40.881+0800","caller":"bootstrap/database.go:80","msg":"数据库初始化成功","driver":"sqlite","prefix":"la_"}
{"level":"info","ts":"2025-12-22T15:59:40.961+0800","caller":"bootstrap/casbin.go:34","msg":"Casbin 初始化成功","model":"./config/rbac_model.conf"}
{"level":"info","ts":"2025-12-22T15:59:40.961+0800","caller":"server/server.go:64","msg":"正在启动服务器","port":":8080"}
{"level":"warn","ts":"2025-12-22T15:59:43.291+0800","caller":"middleware/error.go:37","msg":"业务错误","code":2001,"msg":"参数校验错误","path":"/admin/v1/test/login","method":"POST","latency":0.00088025,"ip":"127.0.0.1","request_id":"405d4bed-3e29-4129-b142-f7ade461f1da"}
{"level":"warn","ts":"2025-12-22T15:59:49.555+0800","caller":"middleware/error.go:37","msg":"业务错误","code":2002,"msg":"字段 password 类型错误，期望 string","path":"/admin/v1/test/login","method":"POST","latency":0.000072625,"ip":"127.0.0.1","request_id":"4b05f62f-f998-451c-93e0-1f419084d4f9"}
{"level":"warn","ts":"2025-12-22T16:00:15.937+0800","caller":"middleware/error.go:37","msg":"业务错误","code":2002,"msg":"字段 password 类型错误，期望 string","path":"/admin/v1/test/login","method":"POST","latency":0.000104916,"ip":"127.0.0.1","request_id":"67b03d56-141e-461b-8e6b-995cc64076da"}
{"level":"info","ts":"2025-12-22T16:00:26.811+0800","caller":"server/main.go:82","msg":"收到关闭信号","signal":"interrupt"}
{"level":"info","ts":"2025-12-22T16:00:26.912+0800","caller":"server/server.go:78","msg":"HTTP 服务已关闭"}
{"level":"info","ts":"2025-12-22T16:00:26.912+0800","caller":"server/server.go:87","msg":"Redis 连接已关闭"}
{"level":"info","ts":"2025-12-22T16:00:26.913+0800","caller":"server/server.go:99","msg":"数据库连接已关闭"}
{"level":"info","ts":"2025-12-22T16:00:26.913+0800","caller":"server/main.go:99","msg":"服务器已优雅关闭"}
{"level":"info","ts":"2025-12-22T16:00:51.574+0800","caller":"bootstrap/logger.go:73","msg":"日志模块初始化成功","level":"debug","format":"json"}
{"level":"info","ts":"2025-12-22T16:00:51.579+0800","caller":"bootstrap/redis.go:34","msg":"Redis 连接成功"}
{"level":"info","ts":"2025-12-22T16:00:51.582+0800","caller":"bootstrap/database.go:80","msg":"数据库初始化成功","driver":"sqlite","prefix":"la_"}
{"level":"info","ts":"2025-12-22T16:00:51.648+0800","caller":"bootstrap/casbin.go:34","msg":"Casbin 初始化成功","model":"./config/rbac_model.conf"}
{"level":"info","ts":"2025-12-22T16:00:51.649+0800","caller":"server/server.go:64","msg":"正在启动服务器","port":":8080"}
{"level":"warn","ts":"2025-12-22T16:00:56.905+0800","caller":"middleware/error.go:37","msg":"业务错误","code":2002,"msg":"字段 password 类型错误，期望 int32","path":"/admin/v1/test/login","method":"POST","latency":0.000468083,"ip":"127.0.0.1","request_id":"b2e3c144-f056-4678-872a-ef21adecb03f"}
{"level":"info","ts":"2025-12-22T16:12:31.690+0800","caller":"server/main.go:82","msg":"收到关闭信号","signal":"interrupt"}
{"level":"info","ts":"2025-12-22T16:12:31.791+0800","caller":"server/server.go:78","msg":"HTTP 服务已关闭"}
{"level":"info","ts":"2025-12-22T16:12:31.792+0800","caller":"server/server.go:87","msg":"Redis 连接已关闭"}
{"level":"info","ts":"2025-12-22T16:12:31.792+0800","caller":"server/server.go:99","msg":"数据库连接已关闭"}
{"level":"info","ts":"2025-12-22T16:12:31.792+0800","caller":"server/main.go:99","msg":"服务器已优雅关闭"}
{"level":"info","ts":"2025-12-22T16:16:32.733+0800","caller":"bootstrap/logger.go:73","msg":"日志模块初始化成功","level":"debug","format":"json"}
{"level":"info","ts":"2025-12-22T16:16:32.738+0800","caller":"bootstrap/redis.go:34","msg":"Redis 连接成功"}
{"level":"info","ts":"2025-12-22T16:16:32.741+0800","caller":"bootstrap/database.go:80","msg":"数据库初始化成功","driver":"sqlite","prefix":"la_"}
{"level":"info","ts":"2025-12-22T16:16:32.815+0800","caller":"bootstrap/casbin.go:34","msg":"Casbin 初始化成功","model":"./config/rbac_model.conf"}
{"level":"info","ts":"2025-12-22T16:16:32.815+0800","caller":"server/server.go:64","msg":"正在启动服务器","port":":8080"}
{"level":"warn","ts":"2025-12-22T16:16:36.406+0800","caller":"middleware/error.go:37","msg":"业务错误","code":2002,"msg":"字段 password 类型错误，期望 int32","path":"/admin/v1/test/login","method":"POST","latency":0.000803834,"ip":"127.0.0.1","request_id":"557fe4d3-5e4c-4d9e-8ca2-4665b3e6fd5c"}
{"level":"warn","ts":"2025-12-22T16:17:57.286+0800","caller":"middleware/error.go:37","msg":"业务错误","code":2002,"msg":"字段 password 类型错误，期望 int32","path":"/admin/v1/test/login","method":"POST","latency":0.000261042,"ip":"127.0.0.1","request_id":"852db80b-a0a9-442d-9649-b48a09b53f70"}
{"level":"warn","ts":"2025-12-22T16:18:00.464+0800","caller":"middleware/error.go:37","msg":"业务错误","code":2002,"msg":"字段 password 类型错误，期望 int32","path":"/admin/v1/test/login","method":"POST","latency":0.000073416,"ip":"127.0.0.1","request_id":"ee7ad624-e2ea-4590-b76b-e67f33422111"}
{"level":"warn","ts":"2025-12-22T16:18:01.259+0800","caller":"middleware/error.go:37","msg":"业务错误","code":2002,"msg":"字段 password 类型错误，期望 int32","path":"/admin/v1/test/login","method":"POST","latency":0.000079042,"ip":"127.0.0.1","request_id":"3affc977-d33e-4079-866b-67b18c697315"}
{"level":"info","ts":"2025-12-22T16:20:10.504+0800","caller":"server/main.go:82","msg":"收到关闭信号","signal":"interrupt"}
{"level":"info","ts":"2025-12-22T16:20:10.606+0800","caller":"server/server.go:78","msg":"HTTP 服务已关闭"}
{"level":"info","ts":"2025-12-22T16:20:10.607+0800","caller":"server/server.go:87","msg":"Redis 连接已关闭"}
{"level":"info","ts":"2025-12-22T16:20:10.607+0800","caller":"server/server.go:99","msg":"数据库连接已关闭"}
{"level":"info","ts":"2025-12-22T16:20:10.607+0800","caller":"server/main.go:99","msg":"服务器已优雅关闭"}
{"level":"info","ts":"2025-12-22T16:20:16.231+0800","caller":"bootstrap/logger.go:73","msg":"日志模块初始化成功","level":"debug","format":"json"}
{"level":"info","ts":"2025-12-22T16:20:16.242+0800","caller":"bootstrap/redis.go:34","msg":"Redis 连接成功"}
{"level":"info","ts":"2025-12-22T16:20:16.245+0800","caller":"bootstrap/database.go:80","msg":"数据库初始化成功","driver":"sqlite","prefix":"la_"}
{"level":"info","ts":"2025-12-22T16:20:16.311+0800","caller":"bootstrap/casbin.go:34","msg":"Casbin 初始化成功","model":"./config/rbac_model.conf"}
{"level":"info","ts":"2025-12-22T16:20:16.311+0800","caller":"server/server.go:64","msg":"正在启动服务器","port":":8080"}
{"level":"warn","ts":"2025-12-22T16:20:17.447+0800","caller":"middleware/error.go:37","msg":"业务错误","code":2002,"msg":"Field password type error, expected int32","path":"/admin/v1/test/login","method":"POST","latency":0.000481166,"ip":"127.0.0.1","request_id":"64150d01-880b-43cc-bc35-64f1e3d1d7cd"}
{"level":"warn","ts":"2025-12-22T16:20:21.398+0800","caller":"middleware/error.go:37","msg":"业务错误","code":2002,"msg":"字段 password 类型错误，期望 int32","path":"/admin/v1/test/login","method":"POST","latency":0.000430708,"ip":"127.0.0.1","request_id":"a5935012-ee7e-4810-b264-05d231d16106"}
{"level":"warn","ts":"2025-12-22T16:20:33.534+0800","caller":"middleware/error.go:37","msg":"业务错误","code":2002,"msg":"Field password type error, expected int32","path":"/admin/v1/test/login","method":"POST","latency":0.000396833,"ip":"127.0.0.1","request_id":"86c13956-5c52-454b-ae03-50b86ad6bb27"}
{"level":"warn","ts":"2025-12-22T16:20:34.687+0800","caller":"middleware/error.go:37","msg":"业务错误","code":2002,"msg":"Field password type error, expected int32","path":"/admin/v1/test/login","method":"POST","latency":0.00011175,"ip":"127.0.0.1","request_id":"181f507c-ec8a-4130-b605-4ae0b5c82374"}
{"level":"warn","ts":"2025-12-22T16:20:36.163+0800","caller":"middleware/error.go:37","msg":"业务错误","code":2002,"msg":"Field password type error, expected int32","path":"/admin/v1/test/login","method":"POST","latency":0.000262666,"ip":"127.0.0.1","request_id":"026e2a0e-b825-4857-a24b-1f0028eb48c3"}
{"level":"warn","ts":"2025-12-22T16:20:41.482+0800","caller":"middleware/error.go:37","msg":"业务错误","code":2002,"msg":"字段 password 类型错误，期望 int32","path":"/admin/v1/test/login","method":"POST","latency":0.000457458,"ip":"127.0.0.1","request_id":"89bff939-5ac2-4432-a8a6-cd16a3851981"}
{"level":"warn","ts":"2025-12-22T16:21:22.165+0800","caller":"middleware/error.go:37","msg":"业务错误","code":2001,"msg":"参数校验错误","path":"/admin/v1/test/login","method":"POST","latency":0.000593833,"ip":"127.0.0.1","request_id":"95d67c85-37ac-4e88-8119-2771e160c214"}
{"level":"warn","ts":"2025-12-22T16:21:37.764+0800","caller":"middleware/error.go:37","msg":"业务错误","code":2002,"msg":"字段 password 类型错误，期望 int32","path":"/admin/v1/test/login","method":"POST","latency":0.000265833,"ip":"127.0.0.1","request_id":"ae29793d-a0e6-48d8-bc41-14ac553c82fb"}
{"level":"info","ts":"2025-12-22T16:22:01.104+0800","caller":"server/main.go:82","msg":"收到关闭信号","signal":"interrupt"}
{"level":"info","ts":"2025-12-22T16:22:01.206+0800","caller":"server/server.go:78","msg":"HTTP 服务已关闭"}
{"level":"info","ts":"2025-12-22T16:22:01.206+0800","caller":"server/server.go:87","msg":"Redis 连接已关闭"}
{"level":"info","ts":"2025-12-22T16:22:01.207+0800","caller":"server/server.go:99","msg":"数据库连接已关闭"}
{"level":"info","ts":"2025-12-22T16:22:01.207+0800","caller":"server/main.go:99","msg":"服务器已优雅关闭"}
{"level":"info","ts":"2025-12-22T16:22:06.013+0800","caller":"bootstrap/logger.go:73","msg":"日志模块初始化成功","level":"debug","format":"json"}
{"level":"info","ts":"2025-12-22T16:22:06.018+0800","caller":"bootstrap/redis.go:34","msg":"Redis 连接成功"}
{"level":"info","ts":"2025-12-22T16:22:06.021+0800","caller":"bootstrap/database.go:80","msg":"数据库初始化成功","driver":"sqlite","prefix":"la_"}
{"level":"info","ts":"2025-12-22T16:22:06.097+0800","caller":"bootstrap/casbin.go:34","msg":"Casbin 初始化成功","model":"./config/rbac_model.conf"}
{"level":"info","ts":"2025-12-22T16:22:06.097+0800","caller":"server/server.go:64","msg":"正在启动服务器","port":":8080"}
{"level":"info","ts":"2025-12-22T16:22:07.903+0800","caller":"middleware/reqLog.go:30","msg":"请求完成","method":"POST","name":"test_lgin","path":"/admin/v1/test/login","status":200,"latency":0.001331417,"ip":"127.0.0.1","request_id":"7c2476df-e527-4306-81b7-69e8b92cab88"}
{"level":"info","ts":"2025-12-22T16:22:20.422+0800","caller":"middleware/reqLog.go:30","msg":"请求完成","method":"POST","name":"test_lgin","path":"/admin/v1/test/login","status":200,"latency":0.000753541,"ip":"127.0.0.1","request_id":"274dff1b-32ea-449c-8e36-dad7347ffbd0"}
{"level":"info","ts":"2025-12-22T16:22:26.348+0800","caller":"middleware/reqLog.go:30","msg":"请求完成","method":"POST","name":"test_lgin","path":"/admin/v1/test/login","status":200,"latency":0.000962917,"ip":"127.0.0.1","request_id":"9a84dfd2-ff82-4a62-a3aa-f3e2c1fa2466"}
{"level":"info","ts":"2025-12-22T16:22:36.452+0800","caller":"middleware/reqLog.go:30","msg":"请求完成","method":"POST","name":"test_lgin","path":"/admin/v1/test/login","status":200,"latency":0.005913166,"ip":"127.0.0.1","request_id":"e0e9db3f-113f-4b8a-b159-b91c5d7f983d"}
{"level":"warn","ts":"2025-12-22T16:23:33.141+0800","caller":"middleware/error.go:37","msg":"业务错误","code":2002,"msg":"Unprocessable Entity","path":"/admin/v1/test/login","method":"POST","latency":0.000171666,"ip":"127.0.0.1","request_id":"dda025ef-a53a-4b39-b12e-91b57a743cbb"}
{"level":"warn","ts":"2025-12-22T16:23:55.318+0800","caller":"middleware/error.go:37","msg":"业务错误","code":2002,"msg":"Unprocessable Entity","path":"/admin/v1/test/login","method":"POST","latency":0.000047542,"ip":"127.0.0.1","request_id":"b2d8ed54-2905-437b-91e2-26feb31d0250"}
{"level":"warn","ts":"2025-12-22T16:24:04.904+0800","caller":"middleware/error.go:37","msg":"业务错误","code":2002,"msg":"Unprocessable Entity","path":"/admin/v1/test/login","method":"POST","latency":0.000112667,"ip":"127.0.0.1","request_id":"0ac1aadd-a89b-4b52-84ee-3c3f5fd0071a"}
{"level":"info","ts":"2025-12-22T16:24:13.053+0800","caller":"middleware/reqLog.go:30","msg":"请求完成","method":"GET","name":"test_list","path":"/admin/v1/test/list","status":200,"latency":0.002830167,"ip":"127.0.0.1","request_id":"272616b6-a7c4-4711-8cda-84e8e279786f"}
{"level":"info","ts":"2025-12-22T16:24:40.437+0800","caller":"middleware/reqLog.go:30","msg":"请求完成","method":"GET","name":"test_list","path":"/admin/v1/test/list","status":200,"latency":0.002545416,"ip":"127.0.0.1","request_id":"e91b224d-b286-4a0b-9a0e-89c5d7379dca"}
{"level":"info","ts":"2025-12-22T16:25:21.407+0800","caller":"server/main.go:82","msg":"收到关闭信号","signal":"interrupt"}
{"level":"info","ts":"2025-12-22T16:25:21.508+0800","caller":"server/server.go:78","msg":"HTTP 服务已关闭"}
{"level":"info","ts":"2025-12-22T16:25:21.509+0800","caller":"server/server.go:87","msg":"Redis 连接已关闭"}
{"level":"info","ts":"2025-12-22T16:25:21.510+0800","caller":"server/server.go:99","msg":"数据库连接已关闭"}
{"level":"info","ts":"2025-12-22T16:25:21.510+0800","caller":"server/main.go:99","msg":"服务器已优雅关闭"}
{"level":"info","ts":"2025-12-22T16:25:22.701+0800","caller":"bootstrap/logger.go:73","msg":"日志模块初始化成功","level":"debug","format":"json"}
{"level":"info","ts":"2025-12-22T16:25:22.704+0800","caller":"bootstrap/redis.go:34","msg":"Redis 连接成功"}
{"level":"info","ts":"2025-12-22T16:25:22.706+0800","caller":"bootstrap/database.go:80","msg":"数据库初始化成功","driver":"sqlite","prefix":"la_"}
{"level":"info","ts":"2025-12-22T16:25:22.799+0800","caller":"bootstrap/casbin.go:34","msg":"Casbin 初始化成功","model":"./config/rbac_model.conf"}
{"level":"info","ts":"2025-12-22T16:25:22.799+0800","caller":"server/server.go:64","msg":"正在启动服务器","port":":8080"}
{"level":"info","ts":"2025-12-22T16:25:25.700+0800","caller":"middleware/reqLog.go:30","msg":"请求完成","method":"GET","name":"test_list","path":"/admin/v1/test/list","status":200,"latency":0.001827291,"ip":"127.0.0.1","request_id":"53614ff7-a661-4bb4-8231-0de76b221305"}
{"level":"info","ts":"2025-12-22T16:25:29.322+0800","caller":"middleware/reqLog.go:30","msg":"请求完成","method":"GET","name":"test_list","path":"/admin/v1/test/list","status":200,"latency":0.000938958,"ip":"127.0.0.1","request_id":"ba1539e1-1bdf-4fdf-9a58-3e22945faaaf"}
{"level":"info","ts":"2025-12-22T16:26:01.285+0800","caller":"server/main.go:82","msg":"收到关闭信号","signal":"interrupt"}
{"level":"info","ts":"2025-12-22T16:26:01.390+0800","caller":"server/server.go:78","msg":"HTTP 服务已关闭"}
{"level":"info","ts":"2025-12-22T16:26:01.390+0800","caller":"server/server.go:87","msg":"Redis 连接已关闭"}
{"level":"info","ts":"2025-12-22T16:26:01.391+0800","caller":"server/server.go:99","msg":"数据库连接已关闭"}
{"level":"info","ts":"2025-12-22T16:26:01.391+0800","caller":"server/main.go:99","msg":"服务器已优雅关闭"}
{"level":"info","ts":"2025-12-22T16:26:06.429+0800","caller":"bootstrap/logger.go:73","msg":"日志模块初始化成功","level":"debug","format":"json"}
{"level":"info","ts":"2025-12-22T16:26:06.434+0800","caller":"bootstrap/redis.go:34","msg":"Redis 连接成功"}
{"level":"info","ts":"2025-12-22T16:26:06.437+0800","caller":"bootstrap/database.go:80","msg":"数据库初始化成功","driver":"sqlite","prefix":"la_"}
{"level":"info","ts":"2025-12-22T16:26:06.523+0800","caller":"bootstrap/casbin.go:34","msg":"Casbin 初始化成功","model":"./config/rbac_model.conf"}
{"level":"info","ts":"2025-12-22T16:26:06.524+0800","caller":"server/server.go:64","msg":"正在启动服务器","port":":8080"}
{"level":"info","ts":"2025-12-22T16:26:08.732+0800","caller":"middleware/reqLog.go:30","msg":"请求完成","method":"GET","name":"test_list","path":"/admin/v1/test/list","status":200,"latency":0.001793875,"ip":"127.0.0.1","request_id":"b3b1f79e-125d-4692-9fb7-194000a34bbf"}
{"level":"info","ts":"2025-12-22T16:26:23.483+0800","caller":"server/main.go:82","msg":"收到关闭信号","signal":"interrupt"}
{"level":"info","ts":"2025-12-22T16:26:23.584+0800","caller":"server/server.go:78","msg":"HTTP 服务已关闭"}
{"level":"info","ts":"2025-12-22T16:26:23.584+0800","caller":"server/server.go:87","msg":"Redis 连接已关闭"}
{"level":"info","ts":"2025-12-22T16:26:23.585+0800","caller":"server/server.go:99","msg":"数据库连接已关闭"}
{"level":"info","ts":"2025-12-22T16:26:23.585+0800","caller":"server/main.go:99","msg":"服务器已优雅关闭"}
{"level":"info","ts":"2025-12-22T16:26:27.820+0800","caller":"bootstrap/logger.go:73","msg":"日志模块初始化成功","level":"debug","format":"json"}
{"level":"info","ts":"2025-12-22T16:26:27.827+0800","caller":"bootstrap/redis.go:34","msg":"Redis 连接成功"}
{"level":"info","ts":"2025-12-22T16:26:27.830+0800","caller":"bootstrap/database.go:80","msg":"数据库初始化成功","driver":"sqlite","prefix":"la_"}
{"level":"info","ts":"2025-12-22T16:26:27.893+0800","caller":"bootstrap/casbin.go:34","msg":"Casbin 初始化成功","model":"./config/rbac_model.conf"}
{"level":"info","ts":"2025-12-22T16:26:27.893+0800","caller":"server/server.go:64","msg":"正在启动服务器","port":":8080"}
{"level":"info","ts":"2025-12-22T16:26:36.101+0800","caller":"middleware/reqLog.go:30","msg":"请求完成","method":"GET","name":"test_list","path":"/admin/v1/test/list","status":200,"latency":0.002239542,"ip":"127.0.0.1","request_id":"0b8f00c1-b33d-42d4-852f-09c7c971d916"}
{"level":"info","ts":"2025-12-22T16:26:49.509+0800","caller":"server/main.go:82","msg":"收到关闭信号","signal":"interrupt"}
{"level":"info","ts":"2025-12-22T16:26:49.610+0800","caller":"server/server.go:78","msg":"HTTP 服务已关闭"}
{"level":"info","ts":"2025-12-22T16:26:49.610+0800","caller":"server/server.go:87","msg":"Redis 连接已关闭"}
{"level":"info","ts":"2025-12-22T16:26:49.611+0800","caller":"server/server.go:99","msg":"数据库连接已关闭"}
{"level":"info","ts":"2025-12-22T16:26:49.611+0800","caller":"server/main.go:99","msg":"服务器已优雅关闭"}
{"level":"info","ts":"2025-12-22T16:26:53.892+0800","caller":"bootstrap/logger.go:73","msg":"日志模块初始化成功","level":"debug","format":"json"}
{"level":"info","ts":"2025-12-22T16:26:53.898+0800","caller":"bootstrap/redis.go:34","msg":"Redis 连接成功"}
{"level":"info","ts":"2025-12-22T16:26:53.901+0800","caller":"bootstrap/database.go:80","msg":"数据库初始化成功","driver":"sqlite","prefix":"la_"}
{"level":"info","ts":"2025-12-22T16:26:53.970+0800","caller":"bootstrap/casbin.go:34","msg":"Casbin 初始化成功","model":"./config/rbac_model.conf"}
{"level":"info","ts":"2025-12-22T16:26:53.970+0800","caller":"server/server.go:64","msg":"正在启动服务器","port":":8080"}
{"level":"info","ts":"2025-12-22T16:26:56.645+0800","caller":"middleware/reqLog.go:30","msg":"请求完成","method":"GET","name":"test_list","path":"/admin/v1/test/list","status":200,"latency":0.00307175,"ip":"127.0.0.1","request_id":"23f99144-277e-4f43-af2c-dfa1d89051a7"}
{"level":"info","ts":"2025-12-22T16:27:49.713+0800","caller":"server/main.go:82","msg":"收到关闭信号","signal":"interrupt"}
{"level":"info","ts":"2025-12-22T16:27:49.815+0800","caller":"server/server.go:78","msg":"HTTP 服务已关闭"}
{"level":"info","ts":"2025-12-22T16:27:49.815+0800","caller":"server/server.go:87","msg":"Redis 连接已关闭"}
{"level":"info","ts":"2025-12-22T16:27:49.816+0800","caller":"server/server.go:99","msg":"数据库连接已关闭"}
{"level":"info","ts":"2025-12-22T16:27:49.816+0800","caller":"server/main.go:99","msg":"服务器已优雅关闭"}
{"level":"info","ts":"2025-12-22T16:27:54.544+0800","caller":"bootstrap/logger.go:73","msg":"日志模块初始化成功","level":"debug","format":"json"}
{"level":"info","ts":"2025-12-22T16:27:54.548+0800","caller":"bootstrap/redis.go:34","msg":"Redis 连接成功"}
{"level":"info","ts":"2025-12-22T16:27:54.552+0800","caller":"bootstrap/database.go:80","msg":"数据库初始化成功","driver":"sqlite","prefix":"la_"}
{"level":"info","ts":"2025-12-22T16:27:54.623+0800","caller":"bootstrap/casbin.go:34","msg":"Casbin 初始化成功","model":"./config/rbac_model.conf"}
{"level":"info","ts":"2025-12-22T16:27:54.623+0800","caller":"server/server.go:64","msg":"正在启动服务器","port":":8080"}
{"level":"info","ts":"2025-12-22T16:28:00.509+0800","caller":"server/main.go:82","msg":"收到关闭信号","signal":"interrupt"}
{"level":"info","ts":"2025-12-22T16:28:00.510+0800","caller":"server/server.go:78","msg":"HTTP 服务已关闭"}
{"level":"info","ts":"2025-12-22T16:28:00.510+0800","caller":"server/server.go:87","msg":"Redis 连接已关闭"}
{"level":"info","ts":"2025-12-22T16:28:00.510+0800","caller":"server/server.go:99","msg":"数据库连接已关闭"}
{"level":"info","ts":"2025-12-22T16:28:00.510+0800","caller":"server/main.go:99","msg":"服务器已优雅关闭"}
{"level":"info","ts":"2025-12-22T16:28:01.460+0800","caller":"bootstrap/logger.go:73","msg":"日志模块初始化成功","level":"debug","format":"json"}
{"level":"info","ts":"2025-12-22T16:28:01.463+0800","caller":"bootstrap/redis.go:34","msg":"Redis 连接成功"}
{"level":"info","ts":"2025-12-22T16:28:01.465+0800","caller":"bootstrap/database.go:80","msg":"数据库初始化成功","driver":"sqlite","prefix":"la_"}
{"level":"info","ts":"2025-12-22T16:28:01.660+0800","caller":"bootstrap/casbin.go:34","msg":"Casbin 初始化成功","model":"./config/rbac_model.conf"}
{"level":"info","ts":"2025-12-22T16:28:01.660+0800","caller":"server/server.go:64","msg":"正在启动服务器","port":":8080"}
{"level":"warn","ts":"2025-12-22T16:28:04.498+0800","caller":"middleware/error.go:37","msg":"业务错误","code":4003,"msg":"无访问权限","path":"/admin/v1/test/list","method":"GET","latency":0.001234542,"ip":"127.0.0.1","request_id":"c1bd2cd5-6f50-42d2-a1a1-07e7727a30d9"}
{"level":"warn","ts":"2025-12-22T16:29:03.099+0800","caller":"middleware/error.go:37","msg":"业务错误","code":4001,"msg":"未登录或登录已过期","path":"/admin/v1/test/edit","method":"POST","latency":0.000034208,"ip":"127.0.0.1","request_id":"8a5e1b1a-106d-4598-ae8e-25f8ef6ccf04"}
{"level":"warn","ts":"2025-12-22T16:29:16.446+0800","caller":"middleware/error.go:37","msg":"业务错误","code":4003,"msg":"无访问权限","path":"/admin/v1/test/edit","method":"POST","latency":0.000345291,"ip":"127.0.0.1","request_id":"87d3b446-401f-4eaa-9833-24f0a062ab8d"}
{"level":"info","ts":"2025-12-22T16:29:32.996+0800","caller":"server/main.go:82","msg":"收到关闭信号","signal":"interrupt"}
{"level":"info","ts":"2025-12-22T16:29:33.097+0800","caller":"server/server.go:78","msg":"HTTP 服务已关闭"}
{"level":"info","ts":"2025-12-22T16:29:33.097+0800","caller":"server/server.go:87","msg":"Redis 连接已关闭"}
{"level":"info","ts":"2025-12-22T16:29:33.098+0800","caller":"server/server.go:99","msg":"数据库连接已关闭"}
{"level":"info","ts":"2025-12-22T16:29:33.098+0800","caller":"server/main.go:99","msg":"服务器已优雅关闭"}
{"level":"info","ts":"2025-12-22T16:29:33.936+0800","caller":"bootstrap/logger.go:73","msg":"日志模块初始化成功","level":"debug","format":"json"}
{"level":"info","ts":"2025-12-22T16:29:33.940+0800","caller":"bootstrap/redis.go:34","msg":"Redis 连接成功"}
{"level":"info","ts":"2025-12-22T16:29:33.942+0800","caller":"bootstrap/database.go:80","msg":"数据库初始化成功","driver":"sqlite","prefix":"la_"}
{"level":"info","ts":"2025-12-22T16:29:34.017+0800","caller":"bootstrap/casbin.go:34","msg":"Casbin 初始化成功","model":"./config/rbac_model.conf"}
{"level":"info","ts":"2025-12-22T16:29:34.017+0800","caller":"server/server.go:64","msg":"正在启动服务器","port":":8080"}
{"level":"warn","ts":"2025-12-22T16:29:36.793+0800","caller":"middleware/error.go:37","msg":"业务错误","code":4003,"msg":"无访问权限","path":"/admin/v1/test/edit","method":"POST","latency":0.003816333,"ip":"127.0.0.1","request_id":"c6a6d779-e99b-4ecf-8101-4e76297aa7f1"}
{"level":"warn","ts":"2025-12-22T16:29:38.201+0800","caller":"middleware/error.go:37","msg":"业务错误","code":4003,"msg":"无访问权限","path":"/admin/v1/test/edit","method":"POST","latency":0.000226334,"ip":"127.0.0.1","request_id":"1cfff1e9-ac53-4239-9ce1-13b292ddb70c"}
{"level":"warn","ts":"2025-12-22T16:29:39.202+0800","caller":"middleware/error.go:37","msg":"业务错误","code":4003,"msg":"无访问权限","path":"/admin/v1/test/edit","method":"POST","latency":0.000182875,"ip":"127.0.0.1","request_id":"45ad28e7-b58a-4dd7-b0f1-818ed4388785"}
{"level":"info","ts":"2025-12-22T16:30:04.291+0800","caller":"server/main.go:82","msg":"收到关闭信号","signal":"interrupt"}
{"level":"info","ts":"2025-12-22T16:30:04.393+0800","caller":"server/server.go:78","msg":"HTTP 服务已关闭"}
{"level":"info","ts":"2025-12-22T16:30:04.393+0800","caller":"server/server.go:87","msg":"Redis 连接已关闭"}
{"level":"info","ts":"2025-12-22T16:30:04.394+0800","caller":"server/server.go:99","msg":"数据库连接已关闭"}
{"level":"info","ts":"2025-12-22T16:30:04.394+0800","caller":"server/main.go:99","msg":"服务器已优雅关闭"}
{"level":"info","ts":"2025-12-22T16:30:05.312+0800","caller":"bootstrap/logger.go:73","msg":"日志模块初始化成功","level":"debug","format":"json"}
{"level":"info","ts":"2025-12-22T16:30:05.316+0800","caller":"bootstrap/redis.go:34","msg":"Redis 连接成功"}
{"level":"info","ts":"2025-12-22T16:30:05.318+0800","caller":"bootstrap/database.go:80","msg":"数据库初始化成功","driver":"sqlite","prefix":"la_"}
{"level":"info","ts":"2025-12-22T16:30:05.424+0800","caller":"bootstrap/casbin.go:34","msg":"Casbin 初始化成功","model":"./config/rbac_model.conf"}
{"level":"info","ts":"2025-12-22T16:30:05.424+0800","caller":"server/server.go:64","msg":"正在启动服务器","port":":8080"}
{"level":"warn","ts":"2025-12-22T16:30:10.831+0800","caller":"middleware/error.go:37","msg":"业务错误","code":2001,"msg":"参数校验错误","path":"/admin/v1/test/edit","method":"POST","latency":0.000955917,"ip":"127.0.0.1","request_id":"a6523e35-d9ff-4445-bed0-ac486e0cb2ac"}
{"level":"warn","ts":"2025-12-22T16:30:31.501+0800","caller":"middleware/error.go:37","msg":"业务错误","code":2002,"msg":"JSON 格式错误","path":"/admin/v1/test/edit","method":"POST","latency":0.000462625,"ip":"127.0.0.1","request_id":"80119580-c438-43ea-b2d6-34cbbd5ab298"}
{"level":"info","ts":"2025-12-22T16:30:36.509+0800","caller":"middleware/reqLog.go:30","msg":"请求完成","method":"POST","name":"test_edit","path":"/admin/v1/test/edit","status":200,"latency":0.002686458,"ip":"127.0.0.1","request_id":"c28d9c68-6f0f-4640-be31-7fb3ec56f57a"}
{"level":"info","ts":"2025-12-22T16:33:57.212+0800","caller":"server/main.go:82","msg":"收到关闭信号","signal":"interrupt"}
{"level":"info","ts":"2025-12-22T16:33:57.314+0800","caller":"server/server.go:78","msg":"HTTP 服务已关闭"}
{"level":"info","ts":"2025-12-22T16:33:57.314+0800","caller":"server/server.go:87","msg":"Redis 连接已关闭"}
{"level":"info","ts":"2025-12-22T16:33:57.315+0800","caller":"server/server.go:99","msg":"数据库连接已关闭"}
{"level":"info","ts":"2025-12-22T16:33:57.315+0800","caller":"server/main.go:99","msg":"服务器已优雅关闭"}
{"level":"info","ts":"2025-12-22T16:34:01.260+0800","caller":"bootstrap/logger.go:73","msg":"日志模块初始化成功","level":"debug","format":"json"}
{"level":"info","ts":"2025-12-22T16:34:01.263+0800","caller":"bootstrap/redis.go:34","msg":"Redis 连接成功"}
{"level":"info","ts":"2025-12-22T16:34:01.267+0800","caller":"bootstrap/database.go:80","msg":"数据库初始化成功","driver":"sqlite","prefix":"la_"}
{"level":"info","ts":"2025-12-22T16:34:01.335+0800","caller":"bootstrap/casbin.go:34","msg":"Casbin 初始化成功","model":"./config/rbac_model.conf"}
{"level":"info","ts":"2025-12-22T16:34:01.335+0800","caller":"server/server.go:64","msg":"正在启动服务器","port":":8080"}
{"level":"info","ts":"2025-12-22T16:34:40.140+0800","caller":"server/main.go:82","msg":"收到关闭信号","signal":"interrupt"}
{"level":"info","ts":"2025-12-22T16:34:40.242+0800","caller":"server/server.go:78","msg":"HTTP 服务已关闭"}
{"level":"info","ts":"2025-12-22T16:34:40.242+0800","caller":"server/server.go:87","msg":"Redis 连接已关闭"}
{"level":"info","ts":"2025-12-22T16:34:40.243+0800","caller":"server/server.go:99","msg":"数据库连接已关闭"}
{"level":"info","ts":"2025-12-22T16:34:40.243+0800","caller":"server/main.go:99","msg":"服务器已优雅关闭"}
{"level":"info","ts":"2025-12-22T16:34:41.682+0800","caller":"bootstrap/logger.go:73","msg":"日志模块初始化成功","level":"debug","format":"json"}
{"level":"info","ts":"2025-12-22T16:34:41.686+0800","caller":"bootstrap/redis.go:34","msg":"Redis 连接成功"}
{"level":"info","ts":"2025-12-22T16:34:41.687+0800","caller":"bootstrap/database.go:80","msg":"数据库初始化成功","driver":"sqlite","prefix":"la_"}
{"level":"info","ts":"2025-12-22T16:34:41.766+0800","caller":"bootstrap/casbin.go:34","msg":"Casbin 初始化成功","model":"./config/rbac_model.conf"}
{"level":"info","ts":"2025-12-22T16:34:41.766+0800","caller":"server/server.go:64","msg":"正在启动服务器","port":":8080"}
{"level":"info","ts":"2025-12-22T16:34:48.842+0800","caller":"middleware/reqLog.go:30","msg":"请求完成","method":"POST","name":"test_edit","path":"/admin/v1/test/edit","status":200,"latency":0.003100542,"ip":"127.0.0.1","request_id":"671e49a4-be7d-4c5c-b23f-ccf6a34de7fe"}
{"level":"info","ts":"2025-12-22T19:09:41.658+0800","caller":"bootstrap/logger.go:73","msg":"日志模块初始化成功","level":"debug","format":"json"}
{"level":"info","ts":"2025-12-22T19:09:41.674+0800","caller":"bootstrap/redis.go:34","msg":"Redis 连接成功"}
{"level":"info","ts":"2025-12-22T19:09:41.678+0800","caller":"bootstrap/database.go:80","msg":"数据库初始化成功","driver":"sqlite","prefix":"la_"}
{"level":"info","ts":"2025-12-22T19:09:41.790+0800","caller":"bootstrap/casbin.go:34","msg":"Casbin 初始化成功","model":"./config/rbac_model.conf"}
{"level":"info","ts":"2025-12-22T19:09:41.790+0800","caller":"server/server.go:64","msg":"正在启动服务器","port":":8080"}
{"level":"info","ts":"2025-12-22T19:10:11.413+0800","caller":"server/main.go:82","msg":"收到关闭信号","signal":"interrupt"}
{"level":"info","ts":"2025-12-22T19:10:11.515+0800","caller":"server/server.go:78","msg":"HTTP 服务已关闭"}
{"level":"info","ts":"2025-12-22T19:10:11.515+0800","caller":"server/server.go:87","msg":"Redis 连接已关闭"}
{"level":"info","ts":"2025-12-22T19:10:11.517+0800","caller":"server/server.go:99","msg":"数据库连接已关闭"}
{"level":"info","ts":"2025-12-22T19:10:11.517+0800","caller":"server/main.go:99","msg":"服务器已优雅关闭"}
{"level":"info","ts":"2025-12-22T19:12:02.200+0800","caller":"bootstrap/logger.go:73","msg":"日志模块初始化成功","level":"debug","format":"json"}
{"level":"info","ts":"2025-12-22T19:12:02.214+0800","caller":"bootstrap/redis.go:34","msg":"Redis 连接成功"}
{"level":"info","ts":"2025-12-22T19:12:02.217+0800","caller":"bootstrap/database.go:80","msg":"数据库初始化成功","driver":"sqlite","prefix":"la_"}
{"level":"info","ts":"2025-12-22T19:12:02.277+0800","caller":"bootstrap/casbin.go:34","msg":"Casbin 初始化成功","model":"./config/rbac_model.conf"}
{"level":"info","ts":"2025-12-22T19:12:02.277+0800","caller":"server/server.go:64","msg":"正在启动服务器","port":":8080"}
{"level":"info","ts":"2025-12-22T19:13:09.575+0800","caller":"server/main.go:82","msg":"收到关闭信号","signal":"interrupt"}
{"level":"info","ts":"2025-12-22T19:13:09.677+0800","caller":"server/server.go:78","msg":"HTTP 服务已关闭"}
{"level":"info","ts":"2025-12-22T19:13:09.677+0800","caller":"server/server.go:87","msg":"Redis 连接已关闭"}
{"level":"info","ts":"2025-12-22T19:13:09.677+0800","caller":"server/server.go:99","msg":"数据库连接已关闭"}
{"level":"info","ts":"2025-12-22T19:13:09.677+0800","caller":"server/main.go:99","msg":"服务器已优雅关闭"}
{"level":"info","ts":"2025-12-22T19:13:13.804+0800","caller":"bootstrap/logger.go:73","msg":"日志模块初始化成功","level":"debug","format":"json"}
{"level":"info","ts":"2025-12-22T19:13:13.808+0800","caller":"bootstrap/redis.go:34","msg":"Redis 连接成功"}
{"level":"info","ts":"2025-12-22T19:13:13.811+0800","caller":"bootstrap/database.go:80","msg":"数据库初始化成功","driver":"sqlite","prefix":"la_"}
{"level":"info","ts":"2025-12-22T19:13:13.874+0800","caller":"bootstrap/casbin.go:34","msg":"Casbin 初始化成功","model":"./config/rbac_model.conf"}
{"level":"info","ts":"2025-12-22T19:13:35.637+0800","caller":"bootstrap/logger.go:73","msg":"日志模块初始化成功","level":"debug","format":"json"}
{"level":"info","ts":"2025-12-22T19:13:35.641+0800","caller":"bootstrap/redis.go:34","msg":"Redis 连接成功"}
{"level":"info","ts":"2025-12-22T19:13:35.644+0800","caller":"bootstrap/database.go:80","msg":"数据库初始化成功","driver":"sqlite","prefix":"la_"}
{"level":"info","ts":"2025-12-22T19:13:35.711+0800","caller":"bootstrap/casbin.go:34","msg":"Casbin 初始化成功","model":"./config/rbac_model.conf"}
{"level":"info","ts":"2025-12-22T19:13:35.711+0800","caller":"server/server.go:64","msg":"正在启动服务器","port":":8080"}
{"level":"info","ts":"2025-12-22T19:17:54.115+0800","caller":"server/main.go:82","msg":"收到关闭信号","signal":"interrupt"}
{"level":"info","ts":"2025-12-22T19:17:54.217+0800","caller":"server/server.go:78","msg":"HTTP 服务已关闭"}
{"level":"info","ts":"2025-12-22T19:17:54.217+0800","caller":"server/server.go:87","msg":"Redis 连接已关闭"}
{"level":"info","ts":"2025-12-22T19:17:54.218+0800","caller":"server/server.go:99","msg":"数据库连接已关闭"}
{"level":"info","ts":"2025-12-22T19:17:54.218+0800","caller":"server/main.go:99","msg":"服务器已优雅关闭"}
{"level":"info","ts":"2025-12-22T19:17:57.951+0800","caller":"bootstrap/logger.go:73","msg":"日志模块初始化成功","level":"debug","format":"json"}
{"level":"info","ts":"2025-12-22T19:17:57.955+0800","caller":"bootstrap/redis.go:34","msg":"Redis 连接成功"}
{"level":"info","ts":"2025-12-22T19:17:57.957+0800","caller":"bootstrap/database.go:80","msg":"数据库初始化成功","driver":"sqlite","prefix":"la_"}
{"level":"info","ts":"2025-12-22T19:17:58.019+0800","caller":"bootstrap/casbin.go:34","msg":"Casbin 初始化成功","model":"./config/rbac_model.conf"}
{"level":"info","ts":"2025-12-22T19:17:58.019+0800","caller":"server/server.go:64","msg":"正在启动服务器","port":":8080"}
